Wind_Speed,Wind_Direction,Air_Pressure
6,51,86
7,56,88
0,37,86
3,51,84
1,61,83
0,70,83
0,100,83
0,49,82
7,75,81
3,75,80
4,56,78
4,58,76
2,65,74
2,37,71
3,44,68
13,68,66
21,70,64
27,72,61
40,23,60
71,16,57
58,59,56
54,65,55
68,63,56
78,62,56
80,64,58
58,66,59
68,63,61
63,61,65
49,62,67
45,65,71
37,65,74
46,61,76
54,67,78
56,62,81
55,62,83
43,64,84
51,60,85
57,63,85
45,62,86
46,69,87
38,69,88
13,63,89
14,52,92
21,24,94
22,31,97
21,35,98
23,58,99
23,24,98
25,8,99
25,17,100
27,9,101
22,8,102
22,27,103
18,18,103
24,39,105
10,33,105
15,56,106
26,69,105
29,63,105
43,68,105
43,72,104
48,73,103
41,72,102
40,81,101
30,83,100
18,89,100
11,85,100
22,26,100
27,10,100
30,8,100
31,8,99
27,17,97
24,27,96
28,9,94
29,8,94
27,9,92
25,19,92
15,49,92
11,56,92
6,49,92
19,63,90
19,58,89
23,65,89
20,63,88
20,69,86
15,51,84
11,62,85
9,63,85
4,50,84
5,64,84
4,53,83
14,17,82
14,21,81
16,7,81
15,31,81
13,20,80
11,8,78
12,45,77
9,39,77
20,26,74
5,53,76
4,25,76
4,70,77
8,61,78
8,66,78
9,70,77
13,8,77
4,51,77
12,32,77
19,39,76
19,35,74
18,39,73
20,32,74
27,38,77
34,10,77
36,12,76
38,8,75
39,8,74
28,21,74
31,8,74
32,8,73
38,8,72
33,10,72
39,12,70
29,7,69
27,26,70
28,21,70
35,11,68
21,30,70
25,33,67
27,27,68
25,38,65
24,31,64
14,56,64
30,27,64
29,22,61
27,22,60
18,37,62
18,58,61
19,46,59
13,41,60
41,22,60
59,21,58
67,21,57
60,37,57
46,65,55
45,47,54
44,73,50
47,66,50
44,67,49
64,61,48
71,70,49
67,63,46
63,64,45
64,69,44
73,63,41
77,67,41
89,64,38
81,67,37
92,71,37
94,71,36
76,71,37
84,66,37
76,66,38
65,68,39
92,67,40
95,72,40
101,76,41
94,76,40
93,73,40
56,74,40
52,70,40
68,67,40
60,66,41
46,60,42
46,52,43
44,69,43
37,58,44
38,42,45
37,53,45
53,73,45
46,60,45
45,55,44
34,63,43
27,61,43
32,60,43
24,44,45
39,57,46
35,62,48
22,64,49
15,58,49
20,60,49
20,64,50
16,64,49
22,71,49
33,67,50
34,64,51
32,66,52
21,70,53
22,70,55
35,69,56
40,66,56
40,61,57
48,68,57
47,63,57
49,59,58
47,55,58
43,54,57
37,53,58
27,52,59
26,26,60
34,7,61
39,9,63
38,49,64
35,71,65
30,49,66
31,17,67
36,6,67
24,7,69
27,7,69
19,10,69
27,8,70
17,36,71
6,49,72
18,83,71
28,70,71
41,77,70
46,84,69
48,75,67
41,74,65
38,75,63
30,66,61
29,56,61
15,37,62
36,9,63
32,48,64
35,70,67
15,66,69
23,69,69
24,53,68
12,66,69
23,29,69
31,13,70
21,23,70
22,13,71
12,20,72
14,25,73
16,59,73
28,65,74
30,69,75
37,61,74
33,66,72
46,77,71
47,76,69
43,73,68
40,83,67
39,86,67
36,81,65
30,87,68
16,96,68
15,92,68
14,89,70
12,88,70
13,55,70
12,45,69
12,34,69
11,25,67
6,30,66
9,36,66
12,93,66
15,97,67
26,84,67
43,73,67
45,82,67
36,77,68
47,84,67
49,91,68
54,89,67
61,90,66
44,82,62
58,78,61
67,82,62
54,82,60
53,84,59
73,82,60
77,89,59
70,87,58
81,83,57
84,94,54
49,84,54
31,77,54
43,85,54
52,79,54
70,86,54
65,64,54
67,70,54
76,74,54
79,75,54
61,66,54
56,60,54
36,72,54
42,71,54
30,66,35
37,69,34
32,72,34
33,76,34
29,70,34
25,78,34
16,43,35
18,39,34
21,37,34
19,32,33
15,28,32
7,21,32
8,17,32
7,10,32
1,25,32
3,40,32
7,44,33
17,70,33
20,60,33
25,57,33
31,66,34
32,65,34
41,62,34
37,62,35
49,67,35
42,65,36
36,60,37
42,63,38
28,59,40
35,63,41
38,62,42
31,54,43
34,61,43
36,64,44
28,61,44
31,67,44
27,70,45
35,69,45
37,69,47
32,66,48
35,70,49
35,65,50
39,64,51
40,57,52
41,71,53
49,61,53
48,56,54
46,67,55
45,65,56
47,67,56
37,54,57
35,60,59
31,62,60
28,74,61
22,71,62
22,56,63
18,57,64
13,59,64
16,71,65
22,51,65
9,57,66
17,48,66
18,64,66
24,62,67
31,61,69
38,64,71
34,57,71
43,63,71
40,51,71
40,51,72
47,65,72
44,54,72
46,60,72
49,72,72
34,69,72
22,71,72
17,44,73
27,88,73
22,63,73
25,50,74
27,63,75
29,50,75
30,37,76
33,52,76
30,71,76
31,41,76
33,32,76
33,16,76
32,32,76
28,43,76
38,57,76
45,55,76
45,60,75
50,61,75
48,67,73
46,59,72
37,61,71
22,57,70
30,66,69
26,69,70
31,38,70
31,26,70
32,24,71
33,18,70
40,11,70
34,14,71
33,11,71
40,11,71
42,10,71
39,10,70
37,10,70
36,9,70
33,11,72
21,21,73
11,48,73
36,49,73
38,60,72
41,64,71
45,53,71
46,48,71
36,47,70
35,63,69
18,60,69
19,50,70
18,63,71
15,85,73
12,93,75
16,43,77
29,12,77
24,16,78
26,12,79
30,11,78
28,10,78
25,12,78
22,21,77
9,36,78
8,39,80
11,21,81
12,28,79
16,78,79
12,58,78
14,73,80
21,77,78
23,83,79
6,79,79
2,66,79
5,59,78
7,31,78
12,22,78
11,12,78
2,35,79
5,57,79
15,9,79
12,11,79
9,29,78
4,64,78
2,56,77
2,62,76
2,58,75
0,69,75
1,55,75
4,43,76
6,60,76
4,54,75
7,64,75
8,43,76
2,43,75
9,69,73
10,69,72
1,64,71
10,78,71
11,92,70
7,92,68
29,87,68
23,87,68
19,96,67
32,90,65
33,90,64
32,97,62
33,93,59
30,81,57
37,92,55
44,93,52
49,95,49
49,96,48
51,96,44
53,93,42
53,89,40
65,92,37
54,91,34
66,95,32
55,92,30
60,94,28
60,88,26
59,89,24
63,88,23
44,83,24
57,80,26
43,75,29
25,85,31
35,88,32
33,85,33
29,86,33
31,79,33
39,77,33
38,82,32
41,82,32
38,79,31
42,83,32
31,79,31
30,70,31
31,62,31
23,60,32
33,64,31
46,68,31
45,61,30
44,46,31
45,50,31
38,60,33
48,60,35
53,65,37
42,60,39
50,67,41
59,70,43
50,64,45
61,68,46
58,63,47
49,72,49
24,65,50
13,44,52
41,53,53
19,57,53
28,61,53
31,56,55
45,59,55
43,61,55
51,67,55
50,62,54
51,68,53
44,67,52
31,68,52
25,63,51
12,56,52
7,68,53
5,68,53
0,50,52
3,14,52
3,26,52
5,32,52
5,26,52
12,20,51
16,11,50
26,7,50
23,7,50
21,17,51
11,58,52
15,24,54
9,42,55
14,64,56
18,52,56
38,60,57
35,63,56
30,62,56
38,60,57
41,59,57
52,61,59
32,58,60
23,59,61
16,56,62
30,7,64
35,8,66
39,9,67
40,9,67
32,8,68
30,4,68
39,9,69
38,17,68
38,17,69
38,17,69
38,17,70
38,17,72
38,17,73
38,17,73
38,17,73
38,17,73
38,17,72
38,17,72
38,17,73
38,17,73
38,17,73
38,17,74
38,17,74
38,17,76
38,17,78
38,17,79
38,17,80
38,17,80
38,17,82
38,17,82
38,17,83
38,17,83
38,17,83
38,17,83
38,17,83
38,17,84
38,17,85
38,17,83
38,17,83
38,17,82
38,17,80
38,17,79
38,17,78
33,59,77
26,76,76
21,56,75
11,36,75
14,17,75
21,18,76
17,32,77
9,81,79
6,74,80
11,14,80
11,27,80
12,45,79
14,45,79
10,24,78
12,52,79
21,10,78
17,52,80
40,81,81
50,85,81
47,83,81
41,84,80
40,86,80
36,85,80
28,77,80
22,78,81
17,85,81
10,80,81
3,61,82
5,68,82
1,38,81
2,82,83
1,80,83
2,92,83
2,42,82
5,11,82
10,15,82
9,16,81
11,16,81
2,15,81
2,18,81
7,71,82
18,80,83
24,73,81
37,78,80
44,67,80
37,75,78
47,73,76
42,76,75
43,77,73
50,83,72
50,88,70
42,87,69
30,83,69
29,83,70
19,83,71
10,74,71
8,86,70
5,83,69
2,61,68
2,12,67
10,12,66
7,16,65
3,14,64
5,29,65
5,35,63
5,46,65
13,72,63
30,36,63
41,14,62
26,26,62
38,59,60
52,64,59
37,57,57
20,60,56
33,47,55
46,47,56
33,48,58
27,38,60
34,57,62
46,66,63
43,68,64
38,73,64
42,70,64
22,60,64
20,32,63
22,23,65
15,9,65
23,11,65
27,21,65
23,54,66
32,50,65
49,62,64
41,66,64
46,64,63
29,58,61
42,61,61
49,66,61
42,57,59
31,59,59
29,60,59
20,38,58
21,27,59
27,15,60
33,11,60
28,36,60
30,45,60
33,43,60
24,45,59
45,63,59
48,66,62
32,61,64
49,64,66
48,66,67
53,62,69
58,64,69
61,60,70
60,59,70
65,62,70
60,63,70
57,60,71
62,68,71
44,63,71
40,50,72
24,44,72
19,36,73
31,9,73
34,8,75
34,8,76
34,8,77
29,8,78
30,5,78
32,6,78
28,7,78
28,8,78
31,8,79
30,6,79
27,17,80
14,55,81
34,65,80
37,59,79
50,66,77
54,67,75
61,79,72
60,75,70
61,79,68
60,77,65
58,85,64
53,90,65
39,93,65
29,94,66
17,40,67
17,36,67
13,76,67
12,65,65
24,20,64
21,11,63
20,12,62
22,12,60
23,12,59
22,10,57
4,53,57
14,60,57
14,72,55
10,76,54
8,69,56
21,77,55
41,68,54
37,56,53
52,54,55
46,53,59
58,61,63
64,59,66
56,70,69
44,71,72
41,66,75
44,66,76
49,66,77
35,59,80
39,60,81
41,62,82
54,65,83
50,64,84
50,65,85
31,62,86
55,47,89
47,54,90
48,58,91
50,51,92
52,54,92
58,50,92
55,52,91
46,57,89
44,53,88
46,64,87
41,73,87
25,75,87
20,53,87
30,10,88
34,8,90
30,11,91
30,9,93
32,7,94
36,39,95
36,36,96
36,9,96
23,18,97
24,24,98
19,18,99
12,41,100
15,61,102
33,67,102
43,54,101
41,69,100
45,55,99
43,57,98
37,69,98
39,61,97
35,58,96
32,48,97
25,67,96
24,26,97
37,7,97
41,9,98
39,12,99
37,8,100
31,7,100
33,9,101
33,8,101
32,6,100
27,6,101
28,5,101
31,6,101
17,17,103
10,46,103
28,56,102
45,68,100
49,73,99
49,62,98
46,66,96
47,75,94
46,79,92
35,71,90
38,78,89
31,80,88
22,94,87
24,96,86
20,93,87
19,89,88
13,59,87
16,14,87
7,14,87
2,7,86
2,3,85
9,21,84
9,21,83
2,54,82
3,69,82
8,63,81
22,55,83
18,64,80
26,63,78
21,67,77
25,65,75
30,69,73
28,72,71
21,70,70
13,77,70
8,66,69
12,46,69
15,11,70
8,9,69
15,9,69
25,21,67
20,48,67
26,58,67
28,59,66
41,61,66
66,66,66
53,61,68
51,63,69
33,46,70
34,47,74
39,32,73
45,35,73
46,33,74
38,29,74
26,41,73
29,52,72
45,60,73
41,56,73
35,52,72
38,28,72
48,7,72
31,9,73
23,12,74
21,23,74
19,6,74
13,21,74
15,10,75
22,27,73
10,48,74
15,81,74
14,81,74
17,80,74
26,74,75
32,81,75
36,82,75
29,84,74
36,75,74
38,83,72
37,84,71
26,74,70
27,78,69
33,82,68
20,82,67
12,73,67
9,66,67
4,57,67
5,49,67
1,48,66
5,61,66
2,51,65
1,70,65
1,78,64
0,64,64
0,76,64
0,85,64
1,75,65
2,75,66
8,77,67
11,67,67
15,66,67
17,75,68
13,66,67
12,56,67
16,58,67
16,68,67
5,61,67
11,68,67
10,65,67
9,41,68
17,10,68
14,8,69
6,46,70
10,20,70
0,75,70
2,57,70
5,50,69
1,78,68
3,54,67
2,65,66
16,82,64
26,67,64
9,78,66
5,55,66
11,69,65
10,71,65
21,58,64
27,71,63
18,68,63
22,61,63
34,63,64
34,63,67
38,65,69
15,48,70
11,51,72
15,12,73
14,73,75
8,54,76
5,21,77
10,43,77
4,38,78
8,21,79
6,47,79
19,8,80
23,8,81
11,40,83
12,56,83
27,62,84
36,66,84
28,61,84
43,73,83
43,75,82
40,67,82
34,78,81
26,68,81
26,78,81
20,82,81
13,79,81
27,11,82
34,11,82
30,18,83
27,14,85
26,11,86
27,9,86
22,17,86
17,11,87
22,11,87
24,9,88
15,9,89
8,45,90
14,63,90
23,66,91
31,69,91
37,69,91
43,75,91
44,69,91
42,75,91
51,82,91
41,75,91
41,83,90
37,84,91
32,77,91
32,78,91
32,84,92
32,91,93
22,93,93
14,87,93
13,91,93
17,84,92
25,87,92
27,87,91
24,82,91
24,82,91
28,84,91
29,80,91
26,83,90
27,82,90
24,86,89
22,77,88
23,75,87
24,80,86
26,76,85
21,77,83
19,77,82
19,82,82
15,80,81
4,87,80
0,71,80
0,29,80
0,58,79
0,99,77
0,44,76
0,33,74
2,60,73
1,37,72
4,50,72
11,47,71
13,74,71
17,74,70
10,63,70
16,56,70
29,70,69
16,68,66
35,65,65
41,58,63
45,61,62
36,54,61
28,65,60
24,68,60
28,30,59
40,8,59
39,7,59
35,15,61
33,13,61
35,11,60
36,10,60
32,24,59
38,16,59
42,3,59
46,1,59
39,2,60
26,22,61
27,52,60
37,55,59
51,59,58
45,65,57
49,51,56
51,65,54
52,64,53
47,69,52
44,70,51
37,65,50
32,75,50
24,54,51
29,21,51
32,19,52
37,26,54
31,13,53
35,7,53
30,8,54
25,16,54
26,13,53
20,6,53
21,17,52
12,16,52
10,38,52
8,80,51
15,60,49
10,44,50
11,66,47
26,89,46
9,60,46
8,63,46
16,65,44
17,76,43
14,72,42
8,74,41
9,63,43
11,65,44
16,74,44
13,56,43
18,47,43
24,56,43
12,64,44
27,65,45
27,64,46
36,70,46
25,62,46
41,65,48
31,60,50
32,64,52
33,61,52
37,58,55
52,53,55
44,61,54
39,67,55
38,62,56
34,61,56
29,63,56
22,71,57
19,54,57
13,62,57
20,32,59
18,19,59
13,14,60
13,24,60
6,74,60
4,47,59
4,72,60
5,36,60
7,26,59
15,13,58
14,15,59
6,68,59
18,57,60
33,71,59
38,67,59
38,69,58
41,77,58
42,64,58
36,65,57
22,64,56
26,65,56
20,47,56
11,59,57
10,74,58
17,13,59
18,11,59
21,12,60
13,19,61
9,11,61
4,52,61
2,65,61
2,84,61
3,34,62
0,52,62
4,62,62
10,58,62
20,60,63
31,59,62
35,71,61
37,61,61
34,78,60
31,80,60
33,77,59
43,83,59
43,79,58
35,81,58
28,78,58
23,80,59
20,92,60
19,93,61
14,84,62
7,73,62
3,19,62
8,20,62
8,14,61
9,9,61
8,16,61
5,32,61
8,11,62
6,69,62
18,67,62
23,71,63
22,68,63
32,63,62
27,70,61
37,68,61
31,69,61
29,71,62
20,69,61
15,68,62
8,70,62
2,29,63
17,13,64
22,11,65
27,11,66
25,10,66
22,8,66
22,16,66
25,9,67
23,8,68
16,16,69
22,8,69
4,52,71
7,34,71
20,60,72
31,63,71
39,59,71
45,67,71
35,65,70
41,69,69
36,81,68
36,75,68
29,71,67
27,68,66
26,86,66
21,88,67
29,92,68
27,95,70
17,92,70
14,99,71
9,85,71
10,37,71
16,9,71
16,13,70
11,20,70
11,23,70
6,34,70
15,27,69
15,68,70
15,70,69
21,70,69
26,61,69
33,67,68
34,62,66
35,66,65
33,76,63
27,75,61
18,83,60
14,96,59
23,28,59
30,7,60
27,8,61
22,13,62
24,7,62
22,13,63
26,10,63
23,6,63
23,7,63
15,8,63
16,8,63
10,8,63
8,63,63
13,76,64
18,72,63
24,73,62
27,60,62
31,71,62
29,84,61
26,66,62
34,58,62
21,63,62
15,58,62
10,50,62
0,24,62
7,5,62
10,8,63
11,29,63
6,31,62
5,18,62
6,19,61
17,9,60
15,10,60
14,6,61
15,19,61
8,7,62
2,37,63
7,66,63
17,47,63
18,71,63
16,70,64
8,73,64
9,67,64
21,67,64
31,81,63
29,90,63
28,95,63
21,100,63
19,47,64
22,8,65
23,12,67
20,13,68
20,10,69
19,10,69
18,8,69
19,7,68
14,10,68
14,9,68
16,10,69
13,12,71
7,29,72
7,49,73
21,65,73
22,63,72
22,81,71
16,74,70
27,81,69
39,79,69
29,85,68
33,91,69
40,88,69
33,83,70
24,86,70
14,46,70
16,14,71
16,17,73
15,19,73
16,11,73
13,13,72
17,20,72
12,9,72
16,14,72
14,7,72
11,10,72
1,39,74
3,38,74
4,47,75
11,44,75
7,62,75
6,63,75
10,70,74
11,75,74
14,70,73
15,67,72
19,74,72
13,73,72
6,81,73
5,36,73
2,28,73
2,25,74
2,12,74
0,34,74
1,47,73
1,47,73
4,25,72
2,38,72
3,28,72
0,31,73
4,74,74
4,74,74
13,68,75
16,77,74
15,68,74
13,74,74
10,73,74
16,72,73
13,74,72
10,74,71
7,86,71
9,66,72
4,49,73
3,79,74
4,40,74
0,8,74
1,67,75
0,31,74
0,53,74
0,77,74
8,30,73
14,13,73
9,13,73
3,32,73
6,66,74
11,61,74
15,67,74
23,68,73
20,64,72
22,58,72
24,68,71
26,68,70
25,81,69
24,70,68
19,74,67
15,78,67
16,63,67
16,36,67
17,13,68
16,14,69
18,13,69
17,8,70
15,7,69
16,6,68
15,10,67
11,10,67
7,11,67
6,22,67
8,26,68
7,38,68
9,61,68
21,71,67
20,70,66
32,61,65
39,60,64
15,42,63
14,52,63
13,55,63
16,44,63
10,48,63
16,11,63
12,10,64
13,28,65
10,39,67
18,10,66
20,25,67
17,23,67
14,24,66
17,22,64
13,10,64
11,51,64
15,20,65
8,63,67
3,62,67
8,76,66
32,64,65
40,58,64
39,54,63
39,47,62
32,57,61
35,51,59
26,47,58
26,49,57
16,58,57
22,13,57
26,11,58
27,11,59
21,15,59
24,13,58
23,12,58
20,13,59
3,43,60
14,13,59
15,25,58
14,11,58
12,31,58
21,13,59
11,25,59
17,39,58
15,45,58
34,50,57
27,53,58
24,53,58
14,53,57
18,43,57
26,59,56
24,38,55
26,11,55
26,16,55
29,9,56
28,10,57
25,16,58
24,14,58
26,19,58
30,9,59
28,8,59
27,10,58
20,7,58
22,7,58
24,11,58
24,20,59
23,46,59
16,60,57
44,51,55
50,48,54
48,43,52
34,46,52
45,42,51
48,50,50
36,52,50
37,59,50
36,70,52
34,63,55
29,69,56
35,65,58
23,64,60
17,52,60
13,27,61
16,17,62
16,17,63
16,21,62
14,75,62
18,89,62
12,50,62
23,55,62
22,56,63
35,65,63
30,65,63
30,62,63
23,63,62
33,59,62
37,57,60
35,58,59
26,53,60
24,50,60
15,27,60
17,8,61
20,16,61
18,12,61
14,10,62
10,11,62
13,8,62
9,9,63
13,11,62
13,18,63
15,23,63
18,9,64
17,11,65
19,16,66
6,43,67
8,46,67
12,62,66
9,58,67
19,66,67
11,60,66
13,59,66
18,73,66
14,42,65
16,82,66
27,41,66
19,12,66
15,34,67
29,80,69
26,90,71
24,72,72
16,42,72
11,40,72
14,44,72
15,50,71
10,42,71
5,48,72
9,27,72
16,41,72
14,61,72
18,68,72
27,97,70
24,96,70
20,85,69
21,86,69
21,89,68
22,88,66
30,81,64
29,96,61
23,81,60
16,70,59
24,73,57
15,92,56
10,88,55
11,76,52
9,95,52
3,74,51
7,81,49
6,48,48
11,66,47
9,76,47
7,37,48
7,46,48
12,46,48
26,31,47
39,50,47
46,52,47
41,50,47
41,56,47
33,59,47
29,50,47
39,43,46
31,41,47
25,39,47
20,30,48
27,29,49
17,52,50
20,62,52
20,69,53
15,67,54
13,55,55
12,50,55
12,53,56
9,36,57
5,35,58
13,61,58
21,64,58
21,62,60
18,64,62
32,61,63
17,51,64
18,56,65
23,58,65
37,59,65
25,65,65
27,67,65
21,78,64
18,83,64
13,45,65
19,26,66
19,49,67
21,51,67
20,68,67
23,42,68
28,33,68
15,8,68
7,46,68
6,22,68
9,20,68
7,34,68
0,61,68
1,51,69
10,62,70
8,68,70
12,76,69
21,71,69
25,75,68
30,83,67
28,69,67
28,66,67
23,68,67
19,61,67
14,43,68
20,13,69
20,12,70
19,13,72
19,18,72
23,7,73
24,7,73
25,7,73
25,6,74
25,12,74
27,13,75
25,13,76
23,12,77
13,30,77
24,52,77
24,63,76
38,60,76
39,62,75
38,64,74
42,61,73
46,63,72
36,67,72
34,70,72
40,66,72
36,68,73
27,46,73
22,11,75
22,12,76
21,11,76
19,10,77
25,15,76
25,15,76
26,16,76
23,16,77
16,15,79
20,10,80
23,13,81
17,26,81
19,46,80
30,62,79
36,61,78
40,63,78
36,68,77
41,65,76
35,67,75
32,64,74
22,70,74
20,73,73
18,28,73
24,12,74
27,14,75
22,13,76
19,22,76
20,17,77
12,12,77
11,12,77
17,15,77
10,34,76
15,12,76
16,12,76
10,25,76
7,38,76
11,55,75
15,66,74
29,62,73
32,56,72
27,63,70
25,63,69
23,68,67
22,58,66
22,54,65
25,17,64
24,11,64
27,18,65
21,21,65
23,12,67
21,11,66
23,14,67
23,8,67
18,16,66
16,33,66
19,58,65
24,35,65
23,16,66
22,11,67
20,20,68
16,41,67
18,56,67
27,64,66
26,68,65
25,65,66
21,74,64
25,68,64
28,66,62
21,70,62
18,57,62
20,32,63
17,57,65
12,25,66
19,14,68
17,15,69
19,14,70
17,15,71
21,16,72
14,15,72
14,19,72
11,12,73
11,16,75
16,26,75
7,44,75
13,57,75
17,53,75
18,66,74
15,67,73
20,62,73
22,78,71
25,73,70
26,72,69
22,48,68
25,48,68
19,32,68
17,13,68
18,13,69
20,13,70
19,13,70
16,12,70
13,8,69
13,10,69
12,9,67
6,11,67
7,6,67
6,26,67
6,39,67
8,49,67
17,57,66
18,61,65
15,43,63
18,16,63
23,13,61
24,21,60
29,39,58
20,24,57
24,3,57
26,2,56
21,23,55
11,67,56
12,48,57
14,13,58
18,15,57
18,14,56
18,13,55
12,11,54
10,6,52
11,19,52
9,9,51
5,17,50
3,76,50
2,39,50
9,58,50
14,65,48
17,70,48
22,74,47
25,77,47
29,82,46
21,84,44
24,76,43
32,79,42
34,83,41
35,78,41
32,80,42
28,83,43
29,86,42
29,75,43
6,89,42
6,63,43
2,68,43
4,83,43
0,54,42
2,38,43
5,62,43
3,55,43
5,70,44
8,55,44
15,71,44
14,54,43
16,52,43
22,59,41
21,69,41
18,38,41
30,35,41
14,55,42
15,6,43
15,13,43
15,29,43
14,27,45
17,19,46
18,20,46
8,31,46
12,35,45
20,26,45
18,44,45
8,43,44
12,22,44
10,9,44
22,44,45
28,47,46
34,52,46
25,49,45
28,46,46
24,39,45
32,38,47
44,44,47
37,54,47
35,49,47
28,45,47
35,42,47
34,39,48
30,35,49
27,33,50
30,37,50
32,36,50
25,42,50
8,39,49
16,39,49
29,40,48
37,40,47
31,38,46
32,44,45
26,43,46
10,27,47
1,42,45
3,67,44
3,59,43
9,68,41
22,62,40
27,55,39
18,43,38
12,58,39
29,44,37
20,71,39
11,22,39
12,18,39
15,25,39
21,19,40
25,25,39
16,19,39
17,26,39
18,32,38
24,43,38
15,45,38
25,39,39
14,32,40
36,46,40
37,47,41
45,50,41
38,56,41
37,53,41
26,48,41
25,50,42
34,49,43
29,41,43
27,39,45
21,41,46
12,51,48
14,58,49
21,73,50
15,71,52
25,66,53
22,61,54
26,63,55
19,60,56
7,52,58
5,46,58
9,85,58
14,90,59
9,85,60
17,73,62
14,34,63
22,50,64
24,50,64
22,57,63
16,64,64
20,76,64
7,49,65
8,65,66
10,50,66
7,59,66
8,70,66
15,38,66
20,4,67
23,3,67
21,4,68
20,4,69
19,4,70
10,27,70
11,27,69
5,28,69
1,63,70
3,56,70
11,41,71
10,60,71
14,63,71
11,48,71
10,56,71
14,37,71
12,9,71
19,20,71
19,68,70
18,72,68
17,66,68
21,21,67
23,7,66
19,4,67
20,13,67
19,7,68
18,6,69
20,10,69
20,14,70
14,14,69
18,14,68
13,16,69
7,10,68
11,11,69
15,13,70
11,30,71
20,46,71
33,53,70
27,52,70
22,57,69
21,56,69
18,65,68
19,64,67
23,51,65
22,46,65
26,50,64
25,49,64
20,6,63
23,12,64
24,12,64
24,15,63
27,12,63
24,20,63
11,20,62
17,17,62
19,21,60
16,14,60
16,11,60
10,24,60
4,53,60
3,52,60
4,60,60
12,78,60
11,76,60
21,65,60
30,52,59
26,56,57
33,47,57
20,34,57
17,31,57
24,7,57
19,13,58
18,50,59
23,23,61
20,50,62
16,45,63
17,44,64
17,24,63
15,41,63
17,44,63
17,74,64
21,68,66
27,58,67
26,53,68
30,57,69
53,66,70
50,66,69
49,62,70
52,61,70
50,66,71
45,71,71
34,72,71
39,71,71
36,64,73
29,70,73
18,69,74
15,20,75
20,34,76
21,83,77
21,83,79
25,65,80
14,46,81
17,29,82
16,9,83
23,18,83
14,42,84
22,26,86
17,30,87
10,41,88
15,63,89
17,52,88
19,60,87
20,66,87
20,71,86
18,73,85
17,70,83
14,73,83
16,47,82
18,12,82
15,6,82
19,11,82
18,11,83
15,13,83
11,10,83
13,13,83
10,15,83
12,14,83
14,16,83
10,9,83
6,12,83
6,14,83
4,11,83
3,53,83
14,65,83
15,66,81
15,72,79
10,76,78
13,76,78
15,64,78
14,71,77
18,68,76
25,9,76
23,1,76
20,4,76
17,7,77
19,12,77
17,12,78
16,11,79
13,11,79
16,11,79
13,17,80
13,12,80
15,9,79
13,30,81
8,34,83
17,6,84
8,23,84
5,40,84
10,56,84
14,56,84
18,59,83
22,63,82
21,73,82
21,51,82
24,17,82
25,27,82
23,5,82
20,5,82
19,8,82
18,9,84
13,7,85
14,9,85
11,12,86
15,10,87
14,10,87
11,8,87
12,10,87
11,27,88
13,10,88
7,27,89
6,37,90
11,45,90
11,66,89
14,49,88
23,24,88
25,41,87
19,64,86
25,40,85
29,41,85
17,23,89
20,15,88
17,7,88
11,13,88
14,10,88
12,35,88
20,34,89
26,38,88
26,39,87
20,29,87
24,22,86
22,11,85
24,10,85
24,13,85
22,10,86
16,28,86
16,28,86
18,50,86
16,61,85
15,56,85
32,59,85
29,56,84
26,61,82
31,51,82
16,44,84
41,33,85
26,20,85
27,8,86
22,7,85
12,15,86
8,29,86
11,30,85
9,14,84
19,6,83
13,42,83
8,46,83
17,26,83
8,61,84
11,21,85
6,25,85
9,25,84
8,64,85
11,61,84
11,64,85
5,67,85
5,63,85
1,66,84
0,64,83
7,19,83
1,13,83
0,16,82
1,31,82
2,44,83
13,8,82
6,6,81
5,8,80
3,7,79
0,10,78
1,23,77
2,45,77
0,18,77
0,10,77
0,36,77
0,54,77
1,70,78
0,65,77
2,68,77
8,59,76
10,63,76
3,53,76
5,70,74
5,65,73
4,54,73
2,71,73
2,45,73
5,52,73
4,63,73
2,66,73
4,55,72
3,77,72
4,75,71
6,57,70
0,69,68
2,90,66
3,67,65
2,76,63
7,50,62
12,43,62
6,44,60
0,40,58
5,40,56
7,79,54
4,66,52
4,64,50
3,80,46
3,53,45
6,35,42
11,37,41
13,30,39
20,45,39
16,39,38
26,31,38
24,21,37
24,16,37
32,34,36
19,30,36
25,30,36
26,23,35
30,40,36
24,23,37
31,30,38
35,40,39
44,50,39
48,48,38
26,44,39
25,43,40
17,37,40
25,55,41
18,65,41
13,51,42
18,59,43
35,66,44
52,71,45
51,67,48
33,62,49
26,63,52
21,51,53
24,35,53
16,47,54
18,54,55
20,43,56
18,43,56
19,32,57
20,16,58
23,9,58
20,20,57
14,29,58
13,59,61
16,62,60
25,67,60
26,65,58
35,51,58
26,47,58
27,43,58
27,21,57
26,5,57
21,9,57
26,11,57
32,11,56
23,7,57
18,7,57
22,11,56
18,11,55
25,18,54
18,11,53
16,21,52
25,11,52
28,11,52
30,12,52
30,21,51
28,36,50
21,46,49
29,37,49
35,52,50
32,45,50
28,45,49
27,35,49
27,35,49
26,30,48
26,8,50
27,10,50
23,8,50
26,13,50
24,7,51
21,7,50
21,15,49
24,6,49
14,25,49
34,35,50
50,29,49
26,15,49
12,10,48
10,10,49
21,37,49
35,45,50
32,56,50
26,47,51
19,49,51
35,50,51
28,58,52
29,49,51
37,47,52
37,56,53
37,61,56
30,61,59
41,62,60
29,63,62
18,57,64
24,55,65
34,63,66
21,58,67
16,60,68
14,78,69
10,48,69
14,31,71
11,60,73
20,56,75
41,62,77
38,57,78
38,58,79
39,67,79
46,67,79
41,72,78
36,66,78
34,71,79
25,80,78
17,71,78
23,41,78
25,10,79
25,13,80
21,12,81
23,14,82
13,13,83
10,7,84
12,12,84
9,21,84
12,23,84
12,32,83
10,30,85
16,13,85
10,12,85
6,44,85
4,94,85
9,87,84
11,46,84
12,57,83
1,53,82
0,67,81
2,96,80
9,97,77
5,90,76
3,92,74
3,20,72
7,9,72
8,10,70
14,22,70
11,29,68
10,42,67
13,24,65
11,27,65
14,24,64
19,30,63
20,18,62
17,24,62
27,30,62
29,21,62
30,31,62
31,33,61
33,48,59
31,44,59
34,49,57
32,48,56
26,52,55
32,12,59
34,18,56
26,43,55
19,52,57
18,55,59
20,17,60
21,15,61
18,13,61
16,23,62
11,47,62
14,50,62
11,45,63
11,52,65
12,43,66
21,58,68
23,61,69
31,61,70
32,62,70
30,69,71
38,62,72
34,66,73
48,68,75
41,66,75
39,73,75
28,71,75
28,71,74
20,82,75
23,81,76
23,83,77
20,87,78
20,59,81
23,42,82
24,14,83
30,3,83
29,5,84
28,6,84
21,14,84
9,8,84
15,14,86
19,10,87
21,15,88
17,23,88
16,40,88
16,55,88
17,57,87
21,40,86
24,20,85
24,8,85
27,15,84
26,46,84
29,2,83
21,9,83
20,11,84
21,11,85
21,12,86
22,14,87
19,12,87
21,14,87
17,5,86
17,6,87
14,7,86
16,8,86
18,11,86
19,17,86
12,28,86
11,33,85
12,62,85
19,61,83
25,66,82
25,79,81
28,70,80
31,72,78
28,70,77
25,95,76
23,89,75
18,107,74
16,81,73
13,55,74
19,14,74
19,12,73
18,34,73
13,31,72
17,14,71
15,12,70
9,12,69
13,12,69
14,12,69
13,20,68
5,43,69
9,61,68
16,67,67
14,56,65
15,54,64
20,60,63
24,61,62
26,55,62
23,40,62
25,25,61
26,5,61
22,6,60
22,8,61
20,10,61
19,7,61
18,11,62
13,12,62
10,9,62
12,9,62
15,4,61
10,13,61
6,13,60
6,7,61
5,12,61
6,34,61
2,41,62
5,79,62
10,73,62
23,60,60
17,68,60
13,65,59
19,55,58
21,15,58
19,9,58
11,61,58
11,30,60
14,8,60
15,12,60
12,6,61
10,34,61
9,34,62
8,6,62
3,15,60
2,44,59
4,94,59
2,59,59
4,85,60
5,74,60
9,89,60
7,48,61
10,70,61
4,61,61
14,78,61
15,51,60
19,67,59
26,40,58
25,13,58
24,42,59
29,15,58
23,6,59
18,7,60
17,7,60
39,26,61
15,28,65
31,5,65
17,13,66
17,6,66
14,5,67
16,13,67
21,10,68
17,9,69
21,14,70
25,19,71
20,43,71
18,48,70
24,50,70
22,54,70
24,58,71
23,62,70
20,58,70
25,55,70
22,51,70
26,5,70
22,8,71
23,8,71
24,10,72
18,13,74
11,12,74
18,4,74
13,9,74
11,9,74
2,24,74
14,14,74
15,10,75
10,12,76
14,19,77
16,15,76
11,29,76
19,54,75
19,31,75
19,46,74
23,61,74
27,59,72
25,55,72
25,42,71
31,21,71
27,7,71
23,8,71
27,14,71
27,13,71
19,12,72
15,10,72
14,9,73
11,10,73
9,8,72
13,8,71
11,11,71
13,11,70
8,9,70
8,25,70
15,16,70
5,52,70
9,70,69
9,60,68
19,51,67
16,63,66
16,59,64
20,41,63
22,65,62
28,32,62
24,11,62
21,6,62
20,6,62
18,5,63
18,5,65
20,7,65
19,14,65
21,15,65
21,16,65
16,6,65
11,11,64
2,34,65
6,7,66
11,9,65
9,34,66
15,12,65
9,58,65
12,92,64
15,33,63
18,28,62
21,21,61
17,59,60
13,58,59
16,21,57
16,74,56
18,106,56
25,104,56
20,92,56
23,95,57
19,81,57
19,81,58
14,69,56
16,83,56
12,65,56
10,31,56
7,28,57
1,74,58
6,74,58
2,76,59
6,89,60
8,82,61
12,69,61
15,71,61
18,77,60
22,60,60
21,43,61
29,43,62
33,38,63
29,21,64
24,20,66
23,12,68
22,16,70
15,33,71
15,8,72
11,13,74
12,24,74
7,31,75
11,13,75
10,13,75
10,33,76
7,22,78
4,44,78
3,66,79
7,80,80
10,49,80
16,49,80
16,44,80
24,53,79
19,50,79
23,39,79
23,46,79
22,29,79
26,27,79
22,9,79
17,7,80
14,7,80
17,8,81
22,11,82
14,5,82
18,9,81
12,24,81
10,33,81
11,20,81
10,9,81
9,14,82
10,20,82
6,38,82
9,41,81
8,42,80
19,41,79
20,51,79
16,37,77
20,49,76
16,31,75
20,11,76
21,9,75
21,12,74
23,6,74
23,9,75
21,10,75
24,12,76
21,12,76
21,11,76
15,24,76
15,28,75
18,34,74
20,14,74
20,13,74
14,9,75
20,13,75
18,17,75
17,39,74
19,51,73
23,66,72
24,40,72
22,57,71
19,60,70
22,54,69
21,57,67
25,24,67
23,4,66
21,9,66
23,11,66
23,10,66
19,7,67
19,8,67
14,11,67
16,13,66
13,20,65
12,11,64
4,9,64
3,30,64
7,22,64
10,21,64
11,34,65
11,42,63
13,54,63
37,48,62
35,53,62
27,55,61
33,51,61
29,54,59
25,52,58
27,28,57
25,6,56
20,9,56
21,11,56
19,11,57
17,12,57
19,13,56
15,12,56
11,37,55
14,15,55
11,24,53
13,18,54
14,22,53
17,26,54
23,35,55
26,48,56
15,45,56
18,55,56
20,63,56
24,49,56
27,58,56
19,57,55
17,77,54
20,68,52
26,37,51
17,8,50
19,9,51
21,64,49
17,64,48
21,39,50
25,38,50
11,40,51
20,47,52
18,52,54
15,42,55
22,20,57
16,9,57
8,27,58
16,14,59
21,18,60
17,60,60
40,52,60
40,49,60
32,48,60
25,53,58
15,74,57
21,57,56
27,32,58
14,59,57
17,8,57
14,8,58
13,8,58
12,23,59
7,10,59
2,17,58
10,17,58
16,14,58
15,8,58
16,8,57
15,10,57
9,67,57
8,41,58
9,37,59
9,32,61
18,53,61
25,62,61
31,49,61
41,53,61
39,56,61
28,52,62
27,63,62
17,61,63
17,58,63
17,67,64
14,48,65
15,17,66
13,49,67
13,51,70
10,58,70
8,51,71
17,67,72
19,59,71
13,54,71
20,68,72
16,63,72
7,41,74
19,64,75
25,62,76
37,67,76
34,66,76
40,58,76
33,67,76
37,70,76
28,80,76
21,87,76
17,60,75
18,59,75
24,15,75
23,9,75
28,15,76
28,16,76
15,16,78
13,10,78
13,10,78
11,12,78
15,14,78
3,23,78
8,18,77
14,12,77
9,12,77
20,29,77
34,41,78
28,44,77
34,52,76
33,53,75
36,52,75
32,55,74
20,49,73
21,66,72
24,50,71
23,51,70
23,11,70
21,10,70
26,15,70
18,9,70
23,13,71
22,11,71
20,11,70
22,11,70
20,5,70
19,42,70
19,71,69
16,24,70
11,42,71
19,63,71
23,61,72
26,61,73
24,70,73
36,60,73
32,71,72
35,73,72
33,66,72
30,68,72
28,66,72
25,63,72
17,76,72
20,15,72
23,12,73
23,12,74
22,28,75
23,21,76
22,26,76
24,6,77
25,14,77
15,23,77
13,17,77
15,13,77
11,7,78
17,15,78
14,27,78
8,47,78
15,62,78
24,60,77
29,49,77
27,58,76
26,52,75
21,60,74
20,32,74
23,27,73
23,9,72
18,9,72
19,9,72
19,10,73
19,14,74
15,12,74
13,10,74
15,12,73
12,31,72
8,55,74
3,51,72
4,45,73
3,54,73
3,41,74
6,24,74
6,35,74
4,64,75
1,54,76
7,67,76
3,54,76
3,57,76
6,61,76
6,61,76
7,72,76
4,66,77
7,67,77
4,12,78
9,7,80
11,13,81
4,6,81
0,23,81
0,21,81
0,22,81
0,52,81
0,29,81
1,78,81
6,55,82
9,60,82
17,48,83
19,67,83
13,65,83
17,55,83
15,75,83
11,68,83
4,82,83
15,48,82
14,95,81
7,89,80
15,101,79
10,86,80
12,95,80
20,82,80
12,77,79
11,87,79
9,93,79
5,79,78
6,60,77
5,50,76
1,80,74
2,74,74
0,62,74
1,58,73
4,76,73
2,60,72
5,78,72
7,77,71
11,70,69
26,60,68
34,45,67
29,41,66
27,43,66
31,38,66
26,25,66
24,41,66
25,58,67
27,52,68
31,60,69
33,58,70
28,62,69
28,59,69
17,55,69
14,67,69
15,61,69
28,62,69
29,56,70
27,61,72
36,64,72
33,59,74
40,62,74
40,67,74
39,65,74
34,67,74
35,68,74
28,72,74
22,81,73
25,72,73
14,82,73
14,29,74
20,11,75
22,10,76
21,12,77
20,11,78
24,12,78
21,11,78
22,12,78
27,15,78
23,13,78
24,13,79
21,9,79
18,15,80
13,28,80
15,55,81
22,57,80
23,62,80
21,67,80
22,78,80
19,65,79
15,70,79
21,52,79
22,49,78
26,27,77
25,6,78
25,12,78
26,12,79
25,14,80
14,14,80
14,8,81
22,5,81
17,10,81
20,15,81
24,12,82
23,17,83
17,15,83
14,13,83
17,20,83
8,41,84
10,61,83
14,61,82
16,63,80
17,70,80
16,70,79
19,69,78
21,68,77
23,29,76
22,5,75
16,10,75
15,14,75
14,12,76
14,15,77
14,13,77
12,23,75
12,12,75
14,25,74
12,12,73
12,13,72
14,8,72
5,23,71
6,57,72
9,35,72
12,43,71
9,71,70
16,68,69
18,54,67
14,66,67
10,79,67
21,77,67
9,78,67
11,78,66
18,68,66
18,61,66
7,58,67
7,76,68
6,75,68
4,70,68
8,65,68
10,62,68
3,45,68
1,58,68
2,74,68
2,65,68
1,100,69
0,70,70
2,73,70
2,67,70
3,61,70
4,74,70
5,84,70
4,71,69
14,19,69
20,2,68
19,43,67
22,21,66
25,27,66
20,6,65
16,9,66
18,10,68
15,11,68
13,22,69
12,30,68
13,50,69
9,43,68
5,67,69
12,63,68
10,40,68
8,25,68
0,81,69
2,89,68
0,87,68
0,68,68
2,93,67
3,89,66
8,69,65
16,71,63
24,65,63
17,69,61
19,83,61
12,75,61
9,60,60
6,36,60
6,16,60
8,12,61
12,7,61
15,9,61
15,12,61
13,14,62
8,24,61
14,19,61
12,16,61
14,21,62
13,24,63
16,26,64
12,44,64
13,64,65
19,61,65
23,60,66
21,64,65
21,35,64
20,61,64
23,42,63
24,28,64
24,12,64
18,7,64
21,11,65
24,9,65
19,10,66
20,5,67
22,11,67
20,11,68
15,18,67
15,12,67
16,14,66
17,6,66
12,13,67
9,22,67
7,38,68
12,46,68
17,34,67
21,12,66
17,51,66
18,61,65
14,65,65
17,55,64
26,35,63
30,28,62
22,3,62
20,9,62
23,10,63
19,9,63
16,9,63
15,21,63
11,9,63
9,10,63
2,27,62
11,39,62
7,26,59
2,19,59
3,26,59
1,31,59
5,39,59
3,32,60
1,78,60
5,69,60
9,71,59
14,65,59
21,68,58
17,42,57
23,1,57
25,22,57
23,8,57
21,10,58
23,10,59
19,11,60
11,9,61
16,8,61
12,6,61
8,27,62
9,8,61
6,10,61
10,6,61
20,13,62
9,11,63
9,45,63
11,15,63
7,61,64
7,78,64
2,68,64
4,55,64
3,75,64
4,74,63
9,74,63
20,37,62
21,55,62
23,18,61
13,22,62
22,53,63
8,47,66
3,45,68
3,24,68
6,14,68
10,24,68
9,37,67
13,29,67
17,14,67
17,22,68
14,52,69
9,38,71
14,36,71
18,49,72
21,52,73
15,25,72
19,9,71
16,48,71
17,25,70
19,39,69
19,4,68
17,6,68
12,6,67
10,26,67
8,22,66
12,32,66
31,27,65
19,38,65
20,78,67
19,86,67
21,86,67
19,74,67
17,78,67
19,42,67
14,24,69
8,32,69
4,50,71
5,5,71
6,71,72
11,68,72
7,54,72
7,65,72
10,45,72
13,68,71
14,54,70
18,12,70
18,2,70
20,11,70
16,10,71
15,6,73
13,8,74
11,8,73
11,14,73
9,34,72
3,20,71
7,24,71
5,26,71
13,29,72
6,14,73
1,73,74
5,70,75
8,43,75
17,63,74
15,64,74
13,51,74
14,66,73
18,35,72
15,55,73
19,65,72
24,12,72
22,1,72
23,10,73
24,12,73
25,16,75
18,12,76
15,12,77
17,14,77
15,12,78
17,6,78
15,5,79
11,6,80
10,12,80
15,8,81
17,16,82
19,19,83
9,41,82
15,55,83
25,81,82
32,57,82
32,73,82
32,63,81
31,74,81
28,89,81
25,80,82
13,28,82
16,18,83
7,24,83
10,78,84
5,47,85
7,72,84
0,35,84
0,23,82
0,18,82
0,24,81
0,27,80
0,33,79
0,26,79
1,12,78
1,10,78
0,41,77
2,43,76
2,61,75
5,76,73
7,83,72
10,89,69
18,88,67
24,89,65
39,83,61
32,88,59
42,79,57
39,82,54
23,71,56
19,59,58
16,12,58
12,23,58
15,27,57
16,10,57
20,11,58
22,17,58
19,13,58
19,8,58
20,8,59
24,15,61
20,38,61
27,47,61
43,50,61
34,55,61
29,48,61
30,59,61
30,51,62
24,57,62
20,39,62
22,11,62
19,9,62
22,10,63
24,11,64
20,8,65
28,23,66
16,32,67
17,18,67
24,13,68
24,12,67
24,13,68
20,12,68
14,12,69
12,20,69
8,46,70
11,64,70
15,56,70
34,52,70
25,55,68
19,45,67
29,54,67
32,54,66
22,40,64
23,59,63
23,13,63
19,11,63
24,13,64
35,25,65
19,12,67
14,12,66
12,11,66
12,9,66
19,13,66
18,25,65
19,27,65
21,34,64
23,27,65
28,43,65
10,64,64
8,58,65
19,54,65
21,57,66
17,75,65
25,58,65
27,48,64
20,59,65
21,34,64
14,13,65
15,40,65
11,14,65
19,13,65
17,13,67
15,15,67
17,13,67
15,26,67
31,65,67
27,57,66
19,56,66
22,67,66
16,70,67
13,62,68
19,61,69
35,68,70
39,70,70
40,66,70
38,67,70
44,62,70
36,65,69
31,70,69
29,70,68
23,72,68
19,64,68
11,63,69
18,12,69
20,11,70
21,11,71
20,13,72
21,11,73
15,15,73
16,15,73
17,39,72
19,13,73
20,10,72
20,13,73
21,14,74
23,13,74
18,10,74
17,28,75
16,50,75
20,57,75
26,64,75
28,68,74
27,73,73
20,82,73
20,83,72
20,70,72
20,4,72
24,11,73
26,13,73
24,10,74
25,12,75
21,12,75
18,17,75
15,14,75
19,9,74
21,12,73
21,4,73
20,4,73
15,13,73
9,14,74
8,12,74
5,52,74
3,59,74
5,34,73
4,20,72
12,69,72
12,56,72
6,66,72
6,54,71
9,62,72
5,8,73
6,9,73
9,13,73
9,31,74
5,19,75
5,13,75
10,15,75
0,18,76
6,25,75
5,25,74
3,29,75
5,23,74
7,46,74
4,72,75
4,62,76
7,65,77
11,70,77
12,69,77
8,66,77
12,60,77
13,70,75
13,76,75
13,82,75
14,65,75
7,97,75
4,74,75
14,18,76
5,13,76
3,33,76
0,56,77
0,110,76
0,69,76
0,50,76
1,55,76
0,81,75
2,56,75
4,62,75
4,81,75
1,62,76
1,57,75
3,71,76
2,59,76
6,77,75
9,52,75
11,56,74
11,75,73
14,72,73
17,74,72
13,89,72
4,106,71
2,93,71
2,84,71
11,100,71
7,93,71
8,89,71
12,92,71
13,91,71
9,90,70
2,65,70
4,95,70
9,88,70
10,86,70
7,94,71
12,67,70
19,70,70
11,84,70
9,75,69
13,68,68
13,82,67
17,76,67
30,54,66
15,64,65
16,69,64
11,92,64
8,60,64
2,112,64
6,59,64
4,92,63
2,63,62
1,67,61
7,81,59
10,91,57
5,101,57
6,81,56
2,83,56
4,74,56
2,86,56
4,96,56
3,85,55
8,62,55
10,65,54
7,51,53
10,73,52
9,67,51
13,47,50
11,9,49
14,16,49
8,23,49
11,10,49
17,52,50
21,90,51
31,65,52
39,44,52
41,40,53
36,57,52
30,58,52
30,60,52
32,61,53
30,56,53
33,67,54
29,59,56
38,85,57
42,78,58
38,73,58
38,73,59
37,73,59
34,73,61
35,71,60
34,75,61
28,75,62
29,76,63
23,85,63
25,76,63
21,71,65
11,63,65
18,79,65
17,69,65
16,88,65
8,64,64
4,32,64
9,9,64
8,13,65
5,13,65
4,38,66
3,35,66
11,61,66
21,64,66
29,55,67
31,48,67
27,49,67
32,52,67
21,53,67
12,50,67
17,26,68
15,12,68
15,12,68
16,15,69
16,16,70
15,15,69
6,17,70
13,25,71
16,34,71
11,38,71
14,34,72
10,41,71
10,10,72
1,23,73
4,29,74
5,80,74
6,68,75
11,74,76
13,67,76
17,56,76
30,48,75
34,53,75
31,43,75
29,47,76
19,53,77
23,45,78
29,48,78
10,37,79
9,36,80
17,16,80
16,12,80
14,12,81
15,11,82
14,20,82
15,13,82
10,17,82
15,13,83
17,12,83
19,14,84
16,27,84
15,49,85
22,63,85
27,64,86
28,69,85
23,63,85
23,67,85
16,52,84
24,57,83
23,39,83
21,7,83
22,9,84
23,11,85
25,15,86
17,14,86
13,11,87
14,10,87
10,23,87
9,13,87
16,11,87
17,12,87
10,13,87
20,4,87
15,16,88
9,33,88
8,51,88
18,57,87
18,50,86
24,68,86
16,76,85
19,82,84
18,79,84
20,27,83
23,5,82
22,4,82
26,14,82
27,15,83
24,14,84
14,13,84
14,14,85
15,10,85
16,7,85
13,8,85
18,6,85
12,8,85
14,9,85
8,9,86
12,14,86
14,22,87
8,52,87
9,64,87
14,68,87
16,57,86
14,66,85
18,11,85
20,13,85
16,8,85
8,14,85
8,10,84
9,12,84
15,6,85
17,11,85
6,22,85
12,7,85
13,9,86
14,9,85
10,10,84
15,14,84
10,37,83
17,5,83
14,20,83
13,18,83
8,32,83
5,55,83
14,71,83
13,69,82
19,57,81
11,50,79
10,60,79
15,74,78
9,47,77
16,32,77
21,8,78
19,10,78
16,12,79
11,24,80
8,8,80
13,19,80
16,8,79
20,15,79
12,13,79
3,33,79
3,28,79
10,21,79
5,26,79
4,24,79
8,31,79
8,31,79
8,31,79
8,31,78
17,48,77
12,71,76
15,68,75
21,17,74
19,48,72
21,38,72
21,7,71
23,13,70
23,11,71
24,12,71
21,15,71
16,9,70
17,12,69
15,11,67
12,33,65
13,12,63
11,13,62
19,15,61
15,36,61
20,34,61
23,38,61
28,58,61
24,56,62
31,63,63
35,66,65
42,63,67
36,63,69
35,71,69
29,73,69
22,69,70
17,74,71
19,75,71
25,83,74
26,75,75
31,78,77
33,73,78
20,67,80
20,82,80
5,69,80
9,18,82
12,11,83
5,14,85
7,10,86
15,11,88
8,33,88
10,51,89
14,54,90
19,59,90
18,69,89
20,70,89
18,68,88
14,76,88
15,92,88
21,80,88
20,49,88
19,12,89
20,13,89
20,12,90
17,13,91
15,10,92
16,12,92
16,16,94
16,14,93
14,13,94
12,9,93
12,14,93
3,11,94
11,15,94
14,26,94
7,50,94
18,61,93
21,65,93
22,78,92
24,83,91
29,59,91
32,73,89
26,63,89
30,85,88
28,101,87
12,78,87
16,19,87
13,44,88
8,72,88
12,84,88
8,78,87
7,74,86
1,73,86
2,81,84
4,79,83
9,85,83
5,68,82
8,86,82
8,75,81
10,83,81
8,81,80
8,71,79
6,67,79
5,76,77
8,57,76
5,62,74
10,54,72
14,47,70
12,55,69
13,34,68
6,33,68
4,36,68
6,75,68
3,74,67
7,86,66
3,51,65
3,88,64
5,44,64
7,37,63
11,17,63
19,12,62
25,17,63
14,34,63
13,40,63
15,50,62
33,57,61
27,59,60
30,44,58
27,58,58
23,67,56
25,54,55
28,41,55
32,23,55
25,8,56
27,12,57
17,56,59
13,67,61
17,77,61
20,65,61
21,62,62
19,70,63
23,68,64
10,63,64
15,62,65
12,65,66
12,16,68
10,43,69
26,59,70
40,68,70
37,63,71
35,50,71
28,61,71
39,62,71
36,62,71
38,70,72
30,66,72
29,65,73
27,69,75
30,62,77
32,66,79
18,48,80
16,33,81
16,44,81
21,28,82
17,18,82
12,31,83
16,23,83
19,17,85
16,16,86
15,26,87
17,52,87
20,55,88
30,61,89
34,62,90
37,70,89
42,63,88
39,65,88
33,73,87
23,63,87
16,49,87
15,43,87
22,11,87
22,12,89
20,11,91
21,11,92
21,8,93
19,20,93
12,33,94
11,26,95
16,11,95
16,5,96
14,9,97
13,7,98
22,13,99
26,16,99
8,49,100
18,46,100
23,56,100
29,62,99
34,55,98
30,62,98
21,63,97
16,53,97
22,19,96
21,8,96
25,14,96
21,9,97
24,13,98
16,12,98
18,15,99
17,12,99
17,8,99
13,7,99
15,9,99
13,9,99
11,6,99
13,7,99
15,13,99
17,24,99
7,40,99
11,65,99
16,70,97
21,68,95
23,67,94
27,71,94
26,82,93
25,90,93
21,107,92
20,92,91
12,41,91
18,18,91
21,17,92
20,15,92
18,13,91
17,15,90
18,16,90
16,13,89
19,14,88
12,9,88
6,12,88
2,22,87
1,34,88
3,64,87
9,60,86
16,67,85
18,62,83
20,79,82
21,76,81
20,70,80
22,80,79
27,87,78
23,85,77
21,92,77
9,27,76
12,35,76
8,47,75
7,58,75
11,17,74
15,14,73
12,12,72
7,15,71
3,17,71
7,16,70
7,14,69
5,10,68
8,15,68
11,30,67
5,53,66
14,60,64
19,62,63
18,65,62
23,68,60
23,68,58
21,80,57
19,91,56
12,97,55
9,68,55
15,72,55
56,44,55
34,37,57
8,64,58
11,40,57
13,22,56
17,24,57
18,27,57
18,33,57
16,32,58
17,21,58
25,35,58
26,38,60
38,45,60
48,47,61
46,48,62
52,53,62
46,52,61
36,53,61
32,58,61
38,53,61
35,57,61
26,47,61
23,47,62
25,38,63
23,37,64
13,38,65
13,16,65
20,31,65
27,54,65
15,40,66
18,14,66
13,18,68
15,13,68
20,16,68
29,14,69
25,17,69
33,43,70
34,50,70
35,49,70
39,57,69
40,49,69
36,57,69
41,54,68
31,46,67
26,38,67
13,26,67
18,19,67
19,12,67
17,10,68
17,13,69
18,13,69
23,33,69
19,24,69
16,13,69
17,20,70
11,29,69
9,64,70
9,51,70
13,73,70
11,52,72
10,35,73
15,47,73
28,53,73
37,64,74
38,71,74
30,65,73
26,71,73
26,56,73
29,57,73
29,50,73
19,27,74
25,15,75
23,11,76
18,14,78
21,15,79
19,14,80
22,17,79
24,16,79
26,14,80
24,15,79
24,14,80
28,17,81
26,16,82
25,12,84
24,15,84
16,40,85
19,62,84
34,63,84
23,66,83
19,54,83
24,71,82
20,73,81
18,57,81
21,23,81
21,8,81
24,12,81
22,13,82
17,8,83
15,9,84
16,6,85
15,8,85
17,12,85
14,9,85
11,8,85
13,8,85
16,10,86
11,9,86
11,9,87
14,23,87
2,41,88
10,62,88
15,72,87
18,73,87
29,56,86
29,55,85
23,55,85
20,42,84
18,7,84
19,11,84
22,12,85
19,8,85
16,8,86
16,10,87
13,10,87
14,8,87
16,9,87
14,11,87
13,11,86
12,8,87
9,13,86
14,11,86
12,11,87
12,26,87
17,46,87
24,58,87
25,69,87
23,67,86
28,73,85
31,68,85
24,72,84
19,73,83
16,61,84
19,14,84
26,3,85
26,2,85
27,7,86
27,3,87
24,6,88
22,8,88
8,19,88
8,21,88
12,8,88
9,12,88
18,7,88
11,13,89
18,9,90
16,18,90
6,50,91
9,57,91
14,59,91
18,65,90
18,69,90
12,45,89
15,68,88
20,67,88
18,31,88
19,14,88
20,11,89
18,8,90
22,15,91
19,13,92
18,13,93
21,17,93
17,10,94
16,7,93
18,9,94
14,7,94
14,9,94
12,6,94
13,14,95
14,26,96
4,51,97
11,65,96
16,61,96
15,72,95
15,63,94
15,76,93
14,77,93
22,74,92
23,85,92
19,8,92
22,12,92
25,14,93
20,13,93
15,9,93
17,9,94
15,5,94
13,10,94
14,8,93
18,12,93
18,12,93
11,8,93
12,10,93
18,13,94
11,27,94
5,49,95
8,61,94
15,66,93
17,64,92
18,65,91
11,77,89
11,85,88
18,81,87
21,21,86
22,12,86
22,7,87
19,11,88
20,9,88
19,11,89
17,8,89
16,10,89
15,10,89
15,9,89
13,11,88
19,4,88
18,6,88
16,7,88
17,15,88
12,24,88
6,36,88
10,62,87
11,68,86
15,84,85
14,72,84
12,71,83
15,63,82
16,56,81
17,12,81
18,10,81
22,11,81
21,9,82
18,11,82
17,9,82
19,7,82
16,6,82
14,15,82
12,11,82
14,8,81
12,9,81
14,5,81
11,11,81
12,12,81
4,35,82
3,47,82
5,57,81
13,60,81
14,62,80
15,67,79
12,81,77
14,86,76
18,46,75
14,6,74
16,12,74
19,13,74
18,10,75
15,8,75
15,9,75
15,9,74
12,14,74
9,13,73
13,13,72
13,7,71
14,8,71
17,8,71
16,11,71
17,18,71
18,16,71
7,54,71
15,65,71
16,64,70
19,74,69
18,72,68
12,69,67
11,80,66
16,78,66
14,51,66
17,13,66
21,13,66
23,16,67
21,16,68
22,14,68
27,16,68
27,23,68
25,17,68
25,29,68
21,19,69
16,11,69
11,32,71
9,68,71
11,19,72
6,69,73
8,63,73
16,62,73
16,56,73
18,60,73
20,69,72
21,64,71
18,75,71
19,71,71
22,78,71
11,45,73
13,18,74
14,17,75
14,91,76
9,53,77
13,21,76
16,32,76
11,58,76
5,32,76
5,26,75
14,22,75
3,57,74
5,16,75
1,25,76
2,42,76
10,64,77
10,71,77
14,69,76
14,74,75
14,64,74
14,66,73
12,60,73
10,58,73
7,47,73
5,23,73
3,41,74
2,38,74
1,93,74
0,57,75
3,25,74
0,49,74
0,57,74
1,28,74
1,39,73
0,64,73
0,73,73
2,57,74
1,47,75
4,45,75
13,62,76
19,65,77
12,73,77
9,73,77
17,79,76
14,82,76
23,66,75
11,74,76
13,95,76
10,58,77
12,23,77
10,64,78
16,17,79
15,13,79
18,17,80
22,17,79
19,16,79
17,10,79
19,10,78
16,9,78
17,10,78
14,16,78
18,13,79
5,37,79
6,57,80
10,60,81
16,60,80
18,74,79
19,84,79
19,81,78
15,74,77
10,85,77
9,65,77
4,55,78
7,15,78
8,33,79
10,83,80
6,64,80
2,78,80
0,21,81
5,14,81
14,11,81
20,14,81
17,11,81
15,11,82
10,9,83
3,35,84
5,51,84
8,71,85
11,65,85
12,69,85
24,75,84
23,68,83
21,70,83
22,76,83
18,85,83
19,83,83
10,74,83
9,68,83
20,87,85
19,62,86
18,61,86
14,18,86
17,17,86
16,17,85
8,17,84
4,13,85
9,35,84
2,34,84
6,13,85
6,40,86
6,93,87
13,76,88
16,93,88
10,93,88
12,95,87
13,79,88
14,82,87
10,98,87
18,95,86
16,98,86
17,99,85
16,106,85
8,85,85
11,84,85
10,80,85
15,79,84
13,83,83
11,88,83
10,75,83
10,69,82
8,70,81
8,81,81
6,83,81
14,96,80
12,70,80
4,63,80
1,56,80
2,68,79
3,74,77
0,61,77
0,70,75
0,57,74
0,62,73
2,35,74
5,33,72
3,25,72
8,14,73
12,14,73
10,17,73
13,15,73
21,11,73
9,32,72
12,22,72
9,25,73
3,32,72
6,32,72
9,17,72
12,17,74
17,24,74
10,37,74
10,60,74
17,66,73
14,61,72
20,62,71
23,72,70
25,72,70
18,80,70
18,85,70
26,20,71
29,2,72
20,11,73
16,12,73
19,9,74
15,8,75
18,10,76
9,9,76
12,13,76
13,10,76
14,8,75
15,10,75
11,10,75
14,8,76
6,19,76
1,44,76
10,72,76
14,54,76
17,74,76
13,80,75
11,75,74
16,69,73
16,76,72
17,14,72
16,8,73
20,14,73
18,9,74
15,11,74
12,38,75
15,67,75
8,63,76
6,55,76
3,42,76
3,48,76
0,45,76
2,67,76
2,69,76
0,74,76
5,75,76
4,67,76
11,58,76
16,59,76
19,59,75
14,76,74
11,56,72
14,70,71
14,46,71
14,47,71
13,36,71
15,14,72
14,9,73
16,9,73
15,11,73
14,9,74
15,8,74
13,20,73
16,19,73
3,40,73
3,29,73
9,26,74
11,16,75
15,14,76
16,21,77
13,32,78
11,60,78
21,81,78
20,77,77
17,74,76
15,69,75
15,75,75
9,50,75
13,2,75
13,10,75
14,12,76
15,13,77
13,12,78
11,8,79
12,15,79
15,16,79
15,14,79
13,14,79
9,13,79
16,13,79
16,10,79
15,14,80
6,17,81
14,26,81
10,58,81
15,55,82
24,63,81
22,74,81
25,79,80
23,74,79
19,81,79
19,84,78
12,87,77
10,97,77
12,86,78
6,59,78
11,91,78
4,48,79
9,18,78
9,18,77
9,15,77
11,20,76
5,12,76
8,15,75
16,12,75
17,12,75
10,17,75
3,59,75
7,60,76
14,67,76
14,66,76
19,74,75
19,78,74
18,74,73
12,71,73
11,82,72
15,91,72
12,31,72
16,13,72
10,13,73
6,11,74
2,56,74
3,63,74
4,94,75
0,81,75
0,92,75
1,76,75
0,110,75
0,70,75
0,64,76
0,46,77
0,67,77
11,61,78
18,69,78
20,64,77
18,68,77
28,62,76
21,68,75
14,69,75
10,75,75
22,7,75
22,10,77
29,15,77
21,13,78
22,11,79
23,15,80
19,16,82
15,19,82
16,12,82
20,11,83
17,25,83
19,13,83
12,15,83
11,21,84
12,15,85
6,35,86
5,47,87
8,52,86
12,65,85
17,66,85
18,83,83
16,84,82
17,78,81
20,81,80
20,99,80
17,11,80
20,13,80
21,11,81
19,6,80
19,11,80
12,10,80
14,12,80
3,56,80
19,48,79
24,68,79
29,53,78
26,62,77
22,64,79
20,75,81
12,48,80
24,51,80
35,62,81
37,71,81
33,72,81
38,67,80
38,68,80
28,73,80
26,68,80
24,75,80
20,70,80
14,33,82
14,42,82
21,59,83
21,67,83
23,62,83
22,90,82
22,98,82
22,66,82
26,19,81
18,5,81
4,43,81
6,29,81
9,13,80
7,38,81
4,47,82
15,61,82
20,64,81
21,65,78
22,67,76
18,77,74
15,72,74
20,75,72
20,82,71
14,24,71
21,35,70
17,92,70
18,100,69
19,91,69
16,72,70
12,81,71
5,76,69
0,78,68
1,54,66
8,60,65
12,87,64
2,64,62
2,35,61
1,44,61
12,74,61
9,82,61
11,73,61
3,82,60
1,78,60
0,61,58
0,22,58
0,39,58
1,57,58
0,48,59
5,28,59
15,32,59
16,9,58
21,13,59
11,36,59
1,67,59
16,51,59
23,40,60
22,55,60
22,61,59
21,30,60
24,26,60
17,50,60
20,55,61
33,63,61
38,64,61
35,65,62
31,67,62
32,76,61
29,71,60
22,63,59
15,67,59
13,24,59
20,12,60
23,10,60
17,12,62
14,14,62
13,8,62
14,12,63
3,39,63
5,21,63
1,42,62
6,33,61
14,31,61
13,19,60
10,26,60
13,26,61
6,44,61
31,53,61
47,56,61
39,54,61
27,57,60
26,65,59
29,53,59
32,60,59
28,58,59
9,69,60
13,17,60
10,7,61
14,8,61
14,30,62
9,69,62
11,73,62
11,77,62
12,61,62
3,73,62
14,58,63
9,63,63
11,53,63
15,53,64
15,66,64
30,61,66
35,65,67
45,56,67
44,63,67
46,56,67
43,58,67
31,54,66
17,55,67
16,55,67
23,61,68
30,59,68
26,56,69
30,58,69
29,53,70
28,59,69
35,66,69
39,58,69
38,63,68
38,60,69
28,58,68
23,52,68
18,44,69
16,39,69
14,36,69
21,55,69
26,62,68
34,62,68
32,57,68
31,58,67
29,58,65
34,54,64
34,53,62
33,42,61
19,33,60
22,11,59
22,10,59
21,11,58
19,21,57
28,31,55
35,42,54
36,39,54
24,38,51
39,40,48
50,35,46
53,40,45
41,43,44
49,42,45
68,58,46
77,67,50
73,68,54
99,73,56
83,66,56
59,67,57
56,63,57
48,64,58
52,63,59
42,63,60
27,62,61
22,63,62
14,50,64
17,57,66
22,63,67
27,73,68
17,15,69
22,15,69
17,42,69
10,59,69
11,57,68
8,47,68
7,37,66
10,30,67
15,10,67
3,52,68
4,54,69
16,63,68
18,74,68
24,65,66
15,72,64
8,69,62
0,71,61
5,42,61
6,76,61
0,50,62
1,34,61
1,30,61
2,25,61
5,38,61
2,48,59
3,30,58
2,70,57
1,30,56
2,28,52
4,43,52
10,31,50
3,42,49
0,25,49
1,43,48
1,55,49
2,40,47
6,66,46
3,55,45
8,62,43
17,47,44
8,77,42
6,69,42
13,43,42
6,41,43
15,58,44
36,62,46
40,56,48
43,59,49
39,61,50
44,63,50
34,60,50
23,62,50
19,64,50
29,66,49
15,57,50
18,66,51
15,58,52
11,42,53
6,63,54
26,57,54
36,56,54
35,56,54
50,53,52
37,55,51
30,42,51
30,46,50
24,47,51
25,44,51
26,35,51
13,46,51
29,37,51
30,41,51
26,40,51
33,44,51
23,38,50
23,43,51
21,55,51
35,54,52
27,52,53
16,45,54
36,61,55
41,62,56
41,66,59
47,69,60
41,69,63
31,66,65
42,67,66
39,65,67
31,72,69
18,66,70
29,65,72
18,57,74
27,61,75
29,69,76
38,72,77
34,71,78
20,69,78
15,37,80
22,42,82
15,73,82
10,57,82
19,73,83
19,33,84
15,41,85
6,87,86
11,26,87
23,29,86
24,50,86
28,66,85
28,63,85
25,73,84
20,72,85
17,82,85
15,69,85
17,87,84
30,53,83
36,39,83
40,43,83
36,65,83
23,76,85
21,79,86
25,62,88
17,45,89
23,45,91
29,55,91
26,7,92
28,9,93
31,8,94
28,9,96
13,17,97
18,49,98
25,61,98
26,63,98
25,70,98
30,75,98
28,63,98
24,66,98
17,68,98
19,48,98
27,4,99
27,9,100
25,12,101
30,9,102
19,33,102
26,10,103
10,20,103
11,23,103
6,67,103
14,32,103
23,14,102
34,13,102
23,76,102
17,77,102
16,73,102
21,55,102
27,58,102
23,49,101
23,56,100
21,71,98
20,70,97
22,68,96
14,75,95
16,27,94
26,6,94
29,10,94
26,13,95
28,11,95
21,11,94
22,14,94
23,9,93
27,6,93
28,9,92
23,11,91
30,39,90
38,2,89
40,11,89
41,12,88
25,11,89
18,46,89
26,52,89
27,67,87
25,67,86
26,62,84
29,65,82
33,62,80
22,62,80
18,32,79
30,7,79
26,8,80
24,29,80
20,35,79
34,27,79
32,20,79
30,17,78
25,11,78
24,10,78
23,11,78
21,24,77
26,25,77
29,21,76
24,26,77
17,32,78
32,55,79
41,62,78
32,58,77
43,58,76
42,58,74
42,50,74
38,52,73
30,52,73
29,42,74
32,14,74
34,15,76
32,14,77
31,14,78
28,8,79
28,7,80
30,6,80
25,8,82
24,9,82
24,9,83
21,7,84
19,9,85
25,8,86
27,7,87
13,23,88
11,47,89
20,64,90
27,66,90
28,62,89
33,69,88
29,72,86
25,76,86
25,91,85
17,95,84
20,14,84
22,26,85
21,10,86
23,10,86
22,11,86
24,10,86
22,10,85
25,8,85
23,6,83
21,6,82
21,7,80
21,6,79
23,5,79
14,15,78
9,31,77
12,63,77
25,69,75
26,70,73
33,76,71
37,75,68
32,73,65
31,73,63
30,83,61
20,102,60
20,52,60
21,48,61
17,46,61
20,14,61
18,15,61
19,9,61
19,37,61
18,41,61
16,47,61
15,55,60
19,60,60
19,64,61
20,77,62
28,70,64
26,63,66
33,63,67
38,61,68
44,49,68
43,43,68
42,57,67
37,53,66
39,62,66
44,48,67
43,32,68
44,38,70
47,48,71
38,36,71
44,66,73
62,28,74
64,17,74
43,46,74
31,65,74
36,72,74
24,74,74
24,71,74
22,74,75
26,43,76
26,45,76
17,38,77
24,53,79
37,58,78
40,56,76
30,48,75
30,63,73
36,75,71
32,69,70
32,72,69
14,35,69
27,9,69
18,11,69
18,15,70
12,24,69
15,33,69
11,46,69
12,40,68
8,66,67
14,39,67
10,37,66
13,30,65
10,13,64
20,22,64
27,25,65
25,20,65
41,49,66
46,53,66
55,56,67
56,65,69
56,53,68
54,56,68
50,55,69
37,58,71
43,64,73
37,64,75
34,67,76
44,71,77
52,58,77
45,65,78
30,65,79
29,65,80
32,69,81
46,72,83
46,71,85
26,54,86
16,38,87
15,31,87
19,11,88
18,24,88
25,52,89
45,60,88
61,64,86
59,67,86
51,56,84
50,53,82
38,49,82
29,45,82
23,38,82
20,37,81
22,55,83
28,66,84
18,50,87
18,68,88
19,69,89
21,57,90
27,63,90
23,64,91
13,69,92
17,59,93
16,61,94
7,42,96
17,26,98
16,30,99
23,45,101
36,57,101
33,56,101
31,52,101
36,60,100
30,43,99
21,48,98
28,47,98
18,31,99
24,11,99
25,13,101
29,4,101
28,6,103
27,6,103
23,7,104
23,6,104
16,7,105
11,8,105
21,7,105
23,9,105
13,8,104
13,33,106
4,33,105
4,85,105
4,80,106
6,64,106
11,57,106
16,60,106
16,39,104
12,67,103
9,67,101
12,80,101
8,91,100
3,82,100
8,12,100
2,99,100
8,16,99
3,35,99
4,32,99
0,16,99
1,18,98
4,86,97
3,82,96
0,44,95
4,68,94
7,15,94
8,8,94
2,7,93
3,36,93
3,84,93
6,71,92
11,66,90
13,71,88
16,87,86
8,64,85
10,76,83
4,67,83
3,30,82
7,15,82
15,44,80
13,29,80
24,10,80
38,6,79
29,25,78
24,31,77
17,48,76
29,15,76
36,21,75
36,8,74
40,9,74
41,12,74
32,12,75
28,46,75
42,64,74
55,67,73
47,68,71
32,63,70
38,63,68
39,67,66
28,61,65
20,55,64
40,15,64
39,19,65
34,16,65
32,23,64
34,12,63
29,13,62
34,14,61
29,37,60
30,32,58
31,26,58
37,48,56
45,49,56
42,32,56
34,29,55
40,42,55
43,39,55
60,37,56
53,46,55
60,41,56
55,55,56
56,43,56
54,40,59
54,51,62
42,69,65
35,71,66
43,65,69
29,71,70
38,69,71
34,72,72
32,65,73
31,62,74
22,64,75
30,64,76
21,59,78
16,73,79
20,70,80
30,61,82
42,65,83
42,63,86
26,52,87
48,75,88
64,65,88
38,60,89
47,58,89
44,67,89
30,61,88
27,62,89
21,76,89
12,31,91
17,45,92
17,55,93
25,74,93
37,63,93
32,59,93
43,78,93
48,72,93
49,67,94
42,53,94
23,65,94
28,74,95
31,67,95
37,69,96
33,52,97
26,54,98
36,56,98
46,58,98
42,58,98
43,51,97
38,36,96
36,66,96
20,68,97
21,58,98
39,13,99
33,41,100
27,30,101
25,21,101
29,6,102
28,6,103
26,9,103
24,7,104
25,6,104
20,7,104
17,6,103
22,25,104
9,4,105
8,31,106
5,30,106
5,63,106
12,73,106
16,77,104
30,74,104
26,65,103
22,68,101
26,72,100
20,66,98
20,82,97
26,83,96
31,85,95
18,98,94
6,92,95
3,85,93
6,69,90
6,54,89
5,21,88
10,16,86
8,11,85
6,14,84
7,24,83
13,13,83
11,12,83
13,37,82
6,29,82
9,62,81
14,63,80
13,69,78
13,70,77
24,82,75
21,81,74
7,76,73
21,26,72
34,8,71
35,9,72
33,7,71
32,8,70
36,13,69
24,28,68
38,30,69
38,10,68
35,12,67
35,16,67
36,14,66
35,15,65
37,8,64
36,15,64
29,16,63
19,39,63
32,53,63
38,60,62
36,56,59
47,58,58
38,49,57
38,41,57
40,41,59
37,34,59
29,34,62
28,50,62
34,38,63
27,39,64
29,26,64
24,41,64
19,45,64
25,23,65
29,50,65
29,48,66
22,64,65
15,35,65
19,48,66
26,35,65
36,47,65
44,61,66
40,58,68
44,48,68
41,47,70
50,61,70
49,56,70
33,52,70
29,49,69
22,47,70
27,23,70
28,37,71
26,43,72
24,45,72
22,50,72
29,14,71
34,9,71
30,18,70
25,30,69
24,11,68
26,7,67
27,6,66
30,11,65
14,24,63
14,52,61
19,54,60
31,61,58
52,60,56
52,57,54
45,52,51
48,45,50
40,47,50
57,56,50
74,64,52
68,62,53
89,67,56
84,71,58
68,69,59
82,70,61
88,75,62
84,70,63
75,65,66
66,67,68
72,64,69
62,66,71
60,62,73
60,65,76
51,61,79
55,68,80
62,64,82
66,62,83
67,67,82
67,69,83
65,63,83
50,64,83
69,76,83
72,77,85
24,65,88
23,64,89
23,53,91
18,46,92
24,34,93
28,28,94
25,28,93
25,8,92
25,7,92
28,10,92
23,8,92
23,7,91
22,7,90
29,8,90
11,21,90
9,21,89
7,49,88
20,66,87
27,73,85
37,80,83
32,74,80
27,67,77
18,72,74
5,65,73
17,11,72
23,9,70
21,10,71
19,9,69
26,13,67
25,13,65
13,46,64
2,70,62
3,52,58
7,40,58
9,45,53
5,21,51
10,16,49
9,46,47
6,50,47
22,42,46
37,50,45
47,62,44
42,57,44
54,49,43
52,58,42
51,54,42
37,50,42
31,55,43
16,53,43
18,49,44
21,32,44
16,20,44
21,32,43
31,10,43
21,12,43
26,30,42
33,28,42
35,38,42
29,40,43
35,39,44
31,62,46
31,67,50
45,68,52
72,71,54
71,67,57
78,65,60
78,64,64
90,70,67
87,74,68
79,74,70
52,64,72
63,67,74
78,65,76
57,63,80
52,65,83
48,66,84
60,69,85
53,65,87
40,65,90
36,60,89
34,62,91
22,59,91
30,67,93
38,62,94
33,60,94
46,59,96
56,41,98
33,68,99
30,63,101
28,40,102
28,51,102
28,60,102
28,54,101
26,49,100
23,58,100
31,45,100
38,12,100
42,5,100
26,8,101
17,8,102
10,13,101
25,6,101
22,13,102
22,8,101
23,6,100
17,18,100
19,19,98
10,38,97
17,9,95
14,9,95
12,29,95
11,29,95
10,43,95
18,58,95
28,72,93
29,74,91
30,81,88
25,81,86
22,82,83
9,98,82
28,16,81
34,7,81
32,7,80
28,14,79
32,7,78
24,7,77
27,7,75
26,7,74
22,8,73
27,10,72
41,45,70
48,37,68
42,44,66
38,44,66
45,31,64
30,51,63
39,48,62
46,53,61
62,61,59
62,61,57
59,67,56
68,61,55
66,70,52
67,67,51
60,64,50
50,65,50
55,65,51
59,59,52
50,66,51
56,65,51
49,66,51
45,70,50
42,65,50
57,62,50
44,64,50
57,66,50
63,58,50
56,61,50
57,70,50
55,68,51
61,70,52
53,64,54
51,67,55
64,65,55
58,63,55
51,59,56
37,63,57
44,69,57
51,62,58
37,63,60
40,63,61
56,71,61
95,79,62
65,70,62
57,71,63
41,70,62
50,70,63
83,80,63
96,79,64
99,81,65
75,71,67
84,77,68
56,71,69
44,54,70
45,53,71
53,60,71
55,60,70
52,66,69
50,61,69
36,70,67
29,67,66
25,67,66
19,57,66
26,23,65
23,11,65
18,42,64
30,41,62
15,69,63
31,19,62
14,58,63
15,58,61
22,30,57
28,51,57
25,46,57
25,28,56
26,38,56
18,55,57
26,43,58
13,68,57
21,68,57
22,60,57
29,60,56
33,73,54
32,54,54
31,58,54
24,69,55
27,59,55
47,70,56
62,68,58
63,69,58
41,66,59
34,69,59
47,73,59
36,63,58
46,64,59
67,64,58
51,61,59
46,60,60
56,65,61
62,67,61
53,65,62
59,69,63
59,62,64
51,62,64
46,59,64
47,64,63
57,53,62
54,58,59
53,70,59
59,64,59
47,64,59
53,72,59
42,56,60
40,65,59
61,31,58
38,79,58
33,73,58
20,69,57
13,49,57
25,34,56
12,51,57
16,48,57
11,73,56
15,40,57
17,70,58
21,9,58
11,47,59
19,70,59
28,70,59
35,65,58
32,72,56
27,75,55
25,85,54
20,91,55
16,65,56
24,15,57
27,10,57
15,38,57
9,81,57
5,54,57
9,79,57
13,80,56
8,76,56
6,49,55
4,65,55
6,69,54
3,41,52
3,46,51
5,65,51
2,73,51
8,70,51
17,63,50
18,63,49
10,63,49
18,57,45
15,59,42
16,68,42
4,55,42
7,44,42
17,53,42
21,84,42
25,80,41
39,76,42
34,91,41
40,86,39
47,72,37
36,76,36
38,69,35
46,73,34
33,79,32
48,77,32
41,63,31
41,72,30
28,91,30
44,91,30
49,93,35
40,88,36
42,83,36
27,77,37
29,88,36
31,80,36
23,93,37
18,76,38
16,71,39
16,34,40
26,52,41
35,30,39
27,29,39
26,62,37
28,25,36
24,32,35
21,19,34
28,27,33
18,56,31
25,62,31
29,62,30
35,61,29
43,59,29
44,58,28
49,69,27
57,61,26
54,68,27
81,59,27
79,63,28
74,65,27
74,68,30
69,64,31
60,67,33
98,80,33
65,76,33
58,76,33
54,75,34
39,70,35
35,71,34
46,61,34
45,62,34
31,68,35
59,47,34
55,49,35
45,54,37
53,62,39
47,58,41
47,53,43
39,58,45
44,45,46
47,49,47
47,59,47
55,59,47
52,63,47
54,56,48
51,48,49
59,49,49
53,53,51
54,59,52
50,64,53
28,57,55
19,53,55
28,55,56
29,64,57
28,57,58
38,47,59
47,55,58
56,38,58
47,54,60
51,59,60
51,73,62
66,72,64
71,68,66
50,69,67
51,60,67
44,65,66
32,62,66
42,49,66
36,44,66
17,71,66
18,45,67
21,60,67
26,68,68
22,58,69
25,55,69
32,29,69
23,8,69
19,15,68
16,6,69
18,9,69
21,9,68
24,9,68
15,17,66
17,12,66
6,46,65
1,40,65
2,56,65
7,81,62
0,96,61
0,42,59
0,11,57
16,15,57
2,16,57
5,14,57
10,12,58
16,21,58
32,13,59
33,21,58
23,34,59
33,19,59
33,18,60
26,27,60
23,37,60
20,32,60
23,11,60
28,15,61
19,38,61
28,24,60
27,42,61
21,40,61
29,47,62
19,69,63
32,50,63
32,54,63
32,56,63
33,61,63
20,51,63
24,10,64
27,16,65
33,7,66
29,8,65
27,12,66
27,10,66
22,9,65
21,8,66
21,11,66
18,10,66
8,11,66
3,6,67
0,67,65
10,8,64
3,72,64
0,107,63
0,51,63
0,98,61
0,63,60
0,36,57
0,63,52
0,27,50
0,17,48
0,34,45
0,29,42
0,41,41
0,29,41
0,8,39
27,8,39
20,30,39
23,39,40
53,70,41
63,78,43
80,79,44
43,78,46
16,78,48
23,78,49
20,78,50
29,78,50
15,78,52
15,65,54
16,46,54
25,45,53
41,62,54
32,57,53
17,59,53
31,61,53
19,62,53
18,54,54
23,25,55
22,15,55
28,12,55
34,17,55
20,23,55
13,12,56
10,12,56
22,10,56
24,11,55
19,29,56
23,26,56
17,21,56
12,22,55
10,16,56
15,19,56
8,33,57
10,49,58
23,55,58
21,49,58
25,55,57
24,50,57
19,61,57
17,55,57
6,62,58
8,47,59
13,41,59
10,36,60
5,34,61
11,36,60
12,19,60
15,26,61
8,49,61
13,33,61
23,17,62
10,38,63
3,37,63
6,78,63
12,24,63
21,49,64
23,53,65
23,63,64
24,61,65
30,68,64
20,64,63
36,66,62
38,67,62
18,70,62
9,49,64
4,50,65
9,50,66
11,33,67
5,54,67
15,22,67
30,8,68
22,10,68
24,9,68
24,9,68
29,10,68
24,17,68
13,46,69
19,15,69
30,10,70
36,11,71
24,21,71
17,50,72
30,53,72
25,53,72
39,73,71
33,63,71
19,58,71
19,60,72
23,57,73
25,62,74
12,57,74
7,50,75
15,50,75
24,77,75
20,72,74
30,64,75
37,68,75
31,69,74
38,64,75
32,67,75
20,63,75
22,77,75
8,36,76
19,9,77
7,38,78
17,61,78
15,73,79
33,50,78
31,60,77
32,65,77
30,64,76
21,61,76
14,70,77
18,20,77
7,22,78
6,24,79
5,26,79
9,35,79
13,48,79
15,27,79
5,44,80
14,9,79
18,8,79
12,13,80
19,11,80
29,9,79
27,7,80
27,8,80
16,22,80
13,70,80
23,74,79
29,77,78
29,73,75
32,73,73
39,78,70
35,88,69
47,81,68
50,86,66
31,86,65
28,94,62
41,90,60
36,86,57
37,84,56
38,87,54
37,88,50
24,93,47
7,60,44
0,53,41
0,37,39
0,61,38
0,78,36
0,90,36
0,64,33
0,78,33
0,70,32
0,73,30
0,70,28
6,53,28
25,41,28
25,46,28
26,41,29
39,37,30
45,43,31
39,45,32
42,50,33
50,55,35
46,56,36
48,65,38
59,66,39
53,57,41
58,58,43
53,63,46
53,70,48
57,59,50
62,64,52
63,69,56
65,66,58
66,68,59
60,64,61
53,70,62
48,74,62
39,72,62
37,62,62
35,62,62
23,42,64
21,58,64
27,62,65
29,51,66
28,20,66
31,10,66
34,12,66
18,12,66
11,8,66
15,7,66
5,5,65
3,27,66
0,45,65
4,41,66
8,39,66
5,53,67
4,59,68
9,78,69
12,69,69
15,49,69
17,64,68
24,59,67
20,43,67
16,55,67
8,15,68
21,11,67
22,9,67
9,10,68
14,12,67
10,13,65
3,49,64
10,100,62
14,88,60
25,83,57
26,83,55
25,73,53
21,61,51
12,82,48
0,103,47
0,86,45
0,82,45
0,70,44
0,57,44
0,69,44
0,61,43
12,42,42
29,29,43
25,44,44
38,54,47
43,55,49
34,60,52
26,55,55
33,53,58
30,60,59
29,65,61
23,58,64
27,12,66
41,22,68
47,20,69
33,17,70
37,22,71
14,40,68
18,51,70
10,35,73
8,38,73
10,80,75
4,57,76
7,71,76
5,56,75
8,74,75
7,73,74
8,78,74
18,86,74
4,57,75
0,20,75
1,37,75
5,21,76
1,11,76
2,37,76
3,15,76
9,15,77
8,12,77
9,9,77
8,8,78
4,49,78
0,6,78
1,6,78
0,6,80
2,24,80
1,78,81
2,82,81
2,82,82
2,69,80
1,37,79
2,37,79
0,8,78
0,51,79
1,24,78
0,18,79
0,35,78
0,58,78
5,69,77
14,91,75
9,96,75
5,77,72
19,100,70
11,103,70
9,98,70
11,74,69
23,10,67
23,13,65
26,10,64
14,8,62
23,12,62
27,13,60
26,27,57
29,33,53
24,63,49
28,101,45
33,93,43
26,85,41
23,79,38
35,97,34
33,95,32
32,26,32
43,8,29
34,18,29
25,28,28
29,48,27
47,42,31
44,48,38
44,52,38
32,52,40
40,45,43
37,48,47
32,36,50
37,60,53
39,61,56
35,62,59
41,57,60
40,62,61
40,50,62
44,59,64
44,56,66
34,49,70
45,49,72
34,42,76
42,46,78
39,44,80
25,41,82
22,19,84
19,27,86
21,35,88
20,29,88
23,12,89
22,13,91
30,10,92
38,17,92
22,25,94
22,36,96
31,50,97
36,56,99
27,58,101
41,53,102
36,51,102
37,57,102
43,51,103
34,44,104
21,48,106
18,60,108
21,54,110
29,47,111
29,59,112
23,69,113
38,72,114
48,75,115
50,71,116
28,67,116
33,68,118
31,74,119
29,66,120
25,60,120
20,55,122
21,70,124
28,56,125
30,60,126
43,58,126
48,51,125
49,61,124
39,67,123
47,68,123
37,70,123
20,75,125
20,61,125
17,31,125
27,27,127
26,46,126
22,68,126
26,49,124
23,14,126
19,21,125
17,19,124
21,15,124
22,8,124
20,8,124
18,8,123
17,6,124
22,7,124
14,16,124
7,35,123
14,80,124
26,72,122
26,79,120
24,81,118
16,79,116
2,65,115
13,13,115
22,11,115
25,12,114
23,12,114
15,11,114
22,12,112
18,12,112
18,12,111
16,12,110
5,9,109
2,7,108
4,12,106
9,9,105
5,15,105
5,14,104
3,8,105
3,7,104
1,18,104
1,82,104
4,75,102
12,76,101
12,66,99
5,72,97
2,65,96
2,61,95
4,77,95
2,75,94
13,78,93
22,90,92
25,89,89
32,93,87
40,93,84
36,94,80
30,93,77
44,93,73
45,93,70
24,93,67
31,13,66
24,9,67
31,9,65
29,39,66
35,54,66
38,58,67
45,45,66
40,45,65
41,44,65
42,49,66
43,40,67
39,20,68
47,26,70
33,29,73
21,34,74
24,34,75
25,22,75
31,36,76
29,65,77
30,68,78
23,57,78
17,36,79
22,57,80
34,70,78
15,60,80
9,59,80
13,36,81
12,20,81
18,64,81
14,62,81
36,72,80
31,62,78
11,48,76
9,64,75
4,44,74
12,46,74
13,16,73
0,72,74
0,63,73
0,29,70
0,41,69
0,102,68
0,102,67
0,102,66
0,82,64
0,23,65
0,37,65
0,33,66
0,46,67
0,61,69
0,56,71
0,61,74
0,63,76
7,60,78
37,61,77
30,61,77
38,61,78
41,64,80
32,57,82
31,57,84
34,65,86
28,59,88
25,58,89
24,61,88
17,79,88
21,23,89
7,19,89
20,18,88
1,59,88
2,44,88
2,68,87
1,52,86
0,11,86
3,41,86
9,65,86
6,66,86
7,62,86
5,62,87
6,68,84
11,64,80
17,65,77
9,50,73
4,54,74
20,59,74
4,82,74
4,59,72
4,35,71
11,65,70
10,83,69
5,33,66
18,6,63
26,13,61
13,50,59
15,53,60
14,48,61
28,21,60
24,66,60
33,68,60
33,60,60
42,66,61
49,62,62
57,63,64
58,60,64
58,62,62
50,61,62
58,69,63
61,71,64
53,69,67
58,65,68
63,64,70
66,68,71
70,67,72
56,59,74
53,63,74
65,69,75
61,72,75
51,68,76
51,64,77
57,70,78
53,59,80
44,63,81
61,62,83
76,54,86
62,63,88
55,58,90
53,55,92
47,65,93
47,69,92
43,63,92
40,58,93
38,77,95
17,69,96
34,50,98
29,62,99
28,45,100
20,65,101
38,56,102
36,8,103
16,21,104
23,29,104
24,40,104
17,13,105
11,8,106
16,6,106
15,7,105
11,7,105
10,5,105
3,43,106
2,30,108
2,70,108
2,69,107
5,71,104
14,77,103
8,71,102
6,76,100
2,60,101
5,13,100
6,11,100
3,11,100
1,64,99
5,75,97
3,97,95
1,106,94
1,80,93
2,66,91
2,89,89
0,102,88
0,102,86
0,102,84
0,102,83
1,93,83
4,13,82
1,50,83
11,72,82
27,68,81
29,56,79
36,60,78
39,68,79
30,67,80
30,65,82
42,56,83
28,59,84
40,56,85
33,74,86
29,70,86
27,64,87
21,58,87
16,37,87
13,71,87
16,67,88
20,50,89
24,33,89
29,19,89
12,37,90
27,18,92
20,23,92
20,70,93
26,78,93
24,67,92
24,62,92
22,71,91
19,76,90
8,91,91
15,17,92
27,8,93
24,8,94
21,8,95
19,8,95
17,8,96
12,5,95
17,6,95
11,6,95
15,6,95
15,7,95
10,6,96
19,7,97
16,7,96
19,16,97
13,10,98
5,13,99
5,47,100
11,63,100
20,70,99
22,70,96
18,69,95
14,79,94
2,101,94
7,37,94
20,10,95
23,8,97
27,10,98
24,8,98
24,9,98
25,7,98
22,7,97
19,8,97
22,7,97
22,6,97
21,8,97
20,8,96
17,7,97
22,8,97
28,6,97
9,15,97
6,36,96
7,64,96
22,71,95
18,73,93
18,78,90
10,83,89
6,104,89
6,48,89
15,11,90
15,8,90
15,8,90
12,7,90
9,7,90
12,10,88
6,7,88
7,14,88
19,11,87
11,37,87
9,15,86
7,35,85
13,18,85
7,47,86
5,35,86
10,24,86
6,49,86
3,61,86
7,76,86
9,75,85
6,73,83
2,63,83
8,53,82
3,50,83
5,28,82
2,16,83
3,62,83
2,73,83
10,17,82
12,23,82
6,31,83
15,9,82
17,5,81
15,22,81
15,19,82
14,12,81
17,10,81
23,21,81
17,24,81
20,12,81
18,13,81
18,12,80
13,7,78
20,7,76
33,10,75
35,9,74
34,9,72
24,11,71
19,25,71
19,16,71
12,31,69
12,97,67
16,54,67
18,82,65
21,82,64
28,98,62
23,100,60
22,97,58
22,92,57
36,97,54
31,97,51
36,97,50
39,94,48
28,100,46
28,94,45
20,98,43
17,99,40
23,97,38
27,88,36
26,58,35
29,41,36
43,35,38
35,39,41
40,33,42
38,37,43
36,29,46
36,26,47
32,40,47
31,47,49
27,48,49
25,52,49
33,45,50
34,42,51
28,29,52
31,30,53
30,33,55
20,28,56
17,49,58
19,59,59
25,52,61
28,56,60
30,69,60
25,72,59
22,72,58
23,97,58
19,40,60
25,11,61
28,9,61
26,11,62
31,10,62
31,11,61
30,10,59
28,9,57
28,11,55
30,8,52
28,29,51
24,47,48
27,84,49
21,74,49
28,51,43
27,18,41
26,15,39
27,15,38
29,11,38
27,16,35
25,12,33
16,27,32
5,28,31
5,32,32
11,11,31
18,30,31
34,41,31
30,42,30
32,51,30
33,56,30
36,55,30
51,59,30
41,44,30
47,48,31
46,43,32
54,40,32
47,42,33
47,50,34
53,43,35
63,42,36
64,49,37
64,40,38
63,48,41
59,48,41
61,57,41
52,50,41
63,46,41
68,48,42
47,50,43
53,40,43
60,43,43
49,42,44
67,36,44
61,49,44
67,51,43
61,45,44
54,48,44
54,50,44
52,51,45
40,55,45
47,44,45
53,46,45
50,50,45
40,47,46
47,43,46
52,40,46
67,49,46
48,53,45
55,48,43
56,45,41
40,46,41
47,37,41
43,35,42
41,43,42
35,41,43
29,40,43
22,52,43
25,64,43
19,48,42
16,57,43
15,65,42
21,54,42
27,60,42
20,59,43
36,60,43
39,58,43
27,56,45
32,62,46
37,61,47
29,56,48
40,60,48
57,64,48
48,57,47
43,55,46
37,53,46
39,64,47
44,36,48
38,59,48
15,54,49
30,56,49
35,47,49
35,65,50
34,64,51
40,61,52
26,67,53
22,70,53
13,63,54
20,62,54
15,53,54
22,38,53
18,43,53
15,58,54
14,43,55
33,70,56
36,63,57
42,68,57
41,58,56
47,67,56
50,66,57
59,72,58
51,62,60
64,69,61
67,72,62
94,67,63
89,67,63
78,66,66
75,69,66
68,73,66
61,72,62
71,74,62
82,71,62
80,73,63
42,46,65
78,18,64
45,65,64
21,55,64
46,65,62
57,35,60
38,55,61
40,63,56
34,49,53
28,48,50
27,50,49
27,68,49
38,53,48
42,50,48
34,45,48
42,45,46
67,38,46
60,43,46
51,45,43
57,44,44
62,60,44
71,66,42
62,65,41
66,67,40
74,69,39
80,68,38
61,61,37
64,72,38
73,68,37
85,69,38
76,72,39
56,67,40
72,69,39
87,79,39
67,80,40
46,70,43
38,68,45
40,68,46
70,74,47
85,69,48
86,71,50
63,70,51
69,67,52
106,70,50
87,67,48
127,79,49
94,76,49
76,73,50
64,71,50
56,76,49
45,75,49
54,66,50
65,69,49
64,71,49
51,65,48
59,72,48
55,74,45
47,61,43
64,64,43
60,69,43
59,69,42
55,62,42
62,70,43
71,69,42
66,70,41
57,69,41
58,72,40
52,81,39
49,67,37
55,69,36
77,67,36
71,68,36
60,71,36
76,76,35
99,83,36
123,80,37
113,77,38
110,70,38
114,75,39
86,70,40
80,68,40
93,69,40
67,64,41
74,67,43
76,66,44
61,59,46
59,62,48
67,67,49
98,82,51
79,72,52
82,69,52
71,68,52
68,64,52
82,67,53
98,68,53
103,70,53
82,67,54
77,67,55
80,63,56
80,64,57
85,69,55
83,64,56
64,61,58
49,60,59
46,64,57
36,68,56
37,68,55
37,35,55
68,39,54
37,66,53
34,72,53
33,72,53
36,53,52
17,43,52
17,69,52
9,55,52
7,41,52
5,59,49
6,19,49
7,29,47
12,39,44
5,68,44
4,59,45
2,87,44
1,72,43
1,79,42
3,71,40
7,75,39
8,70,37
18,76,35
12,62,34
13,27,34
14,55,35
19,71,37
26,68,39
44,71,41
49,62,42
54,66,44
65,65,46
53,65,48
44,65,49
57,61,50
49,65,52
52,64,53
49,63,54
50,66,55
39,64,56
34,55,58
48,59,59
52,60,61
56,62,62
49,76,63
47,70,63
46,66,63
37,68,63
29,73,63
26,66,64
17,59,65
21,64,67
25,55,67
31,16,67
50,7,68
36,5,67
17,25,66
19,25,67
16,27,65
16,28,66
22,4,66
5,19,65
21,7,64
18,7,64
15,6,64
1,61,64
6,73,64
7,73,64
7,74,63
9,86,60
12,80,58
11,79,56
0,84,56
0,70,56
1,74,55
1,87,56
7,42,56
10,24,55
3,75,55
2,64,55
16,39,54
18,16,54
19,34,53
20,37,53
18,44,54
13,34,53
16,34,53
19,44,54
27,53,55
33,54,55
29,49,55
24,55,56
34,56,56
44,66,54
43,70,53
32,49,53
32,57,53
27,62,53
24,61,53
19,58,54
33,63,55
31,71,56
38,73,56
47,70,57
39,70,57
46,71,56
52,67,56
38,64,57
43,59,58
46,68,59
67,64,60
73,67,61
56,66,63
56,65,65
61,65,67
71,62,68
53,68,68
54,60,67
57,68,66
49,73,66
46,66,66
32,63,67
28,59,68
23,54,68
45,67,70
56,67,69
38,69,69
34,67,69
36,67,68
28,66,67
31,66,67
26,52,67
23,47,67
35,40,67
38,43,65
37,33,65
18,9,65
8,38,64
11,74,64
21,80,65
25,79,62
16,75,60
14,63,57
18,72,56
14,69,55
9,91,55
11,38,55
17,12,55
11,9,55
5,14,56
0,15,56
4,14,56
9,12,57
16,11,57
23,7,57
23,7,57
28,4,58
30,6,59
30,6,60
26,7,62
15,14,63
9,36,65
6,49,66
12,74,67
19,76,67
28,76,67
29,72,66
23,53,67
13,61,68
12,63,68
24,18,70
26,10,71
14,24,72
10,11,72
4,48,73
5,60,72
3,30,73
7,108,72
10,93,71
13,94,70
19,98,70
27,95,70
29,91,69
26,93,68
25,87,68
27,80,67
15,62,68
20,73,69
27,85,67
38,79,63
35,83,61
35,87,59
31,86,58
23,78,58
17,85,58
22,93,57
14,81,56
13,84,55
9,39,55
0,7,53
0,60,52
0,20,51
1,17,50
7,42,51
13,41,51
19,33,50
40,69,51
55,83,53
45,61,54
41,61,56
35,58,56
30,52,58
24,45,59
31,47,58
33,48,57
32,34,55
44,20,55
46,11,54
40,7,53
48,9,53
64,10,53
40,15,54
71,11,52
78,12,50
79,12,51
82,8,48
65,33,50
59,56,52
55,72,53
61,57,54
75,63,57
59,65,59
50,64,62
39,58,64
50,48,66
55,62,69
41,60,71
49,64,71
59,67,71
52,63,73
50,63,75
43,70,78
31,64,80
23,36,83
26,32,85
26,19,86
27,13,87
30,8,89
30,8,89
26,8,89
30,8,89
26,11,91
31,8,91
32,7,91
29,8,91
27,8,92
30,9,93
21,45,94
41,62,95
59,62,95
44,60,95
42,59,92
43,60,90
34,59,88
32,62,88
20,34,88
30,14,89
32,9,91
33,9,92
30,9,92
26,8,93
33,9,93
31,10,94
32,15,94
30,14,93
36,15,93
37,14,94
37,11,95
34,8,95
29,7,95
27,9,96
16,54,97
15,53,96
32,69,96
28,62,95
43,58,94
35,65,92
32,63,93
26,62,94
15,34,94
22,9,93
20,7,95
11,11,95
1,14,94
7,57,94
0,66,94
1,74,93
2,14,92
2,35,92
1,74,91
7,69,90
22,13,89
27,10,88
20,29,87
6,18,88
1,57,87
8,77,85
21,60,85
21,70,83
26,66,80
26,68,78
19,76,74
16,84,72
16,76,71
33,8,71
36,9,71
39,9,71
43,9,70
37,15,70
27,34,69
32,27,69
36,8,68
30,9,68
29,7,67
27,6,68
35,12,68
35,14,68
27,14,69
23,15,69
27,45,71
17,50,72
37,59,72
42,62,72
43,65,71
41,59,71
40,63,72
38,57,73
26,62,74
19,35,75
27,41,76
32,31,77
31,35,78
42,15,80
46,5,80
43,15,80
40,23,81
33,49,80
29,57,81
35,20,81
37,7,81
40,8,81
38,6,82
35,9,84
22,25,84
28,58,84
35,58,84
37,45,83
43,63,81
36,57,79
33,70,78
32,60,77
9,60,77
7,59,76
25,9,76
28,10,76
29,9,76
28,13,76
29,14,75
12,17,74
11,15,74
15,11,72
8,34,71
8,71,71
17,46,69
25,9,67
10,42,66
2,94,66
6,51,65
19,50,65
30,43,64
48,61,64
44,51,62
47,54,62
43,43,61
40,41,63
39,45,63
37,36,64
34,38,65
40,28,66
47,31,67
32,31,67
38,10,67
39,16,66
34,11,65
26,13,64
21,37,63
28,27,62
29,34,60
30,18,60
25,21,59
28,25,59
22,22,58
27,66,57
38,62,56
51,72,54
51,68,51
54,71,48
53,67,45
45,55,42
45,71,41
53,76,39
35,74,38
38,86,36
48,76,34
38,75,32
34,69,30
35,55,29
55,44,27
51,53,26
51,34,24
52,44,24
40,42,21
37,48,20
29,49,20
40,49,20
43,64,24
68,72,26
64,72,32
62,61,36
57,58,39
52,56,40
48,62,41
44,51,41
30,51,42
13,40,43
26,14,45
18,9,45
16,13,45
9,34,45
3,52,46
1,71,45
1,62,43
0,73,40
0,22,38
4,28,37
6,14,35
2,9,34
1,6,31
1,3,29
0,5,28
2,62,27
2,58,26
3,53,25
5,67,23
13,75,21
17,64,20
44,55,23
41,69,25
57,69,29
54,58,33
61,56,37
49,66,40
34,57,44
53,63,46
60,69,49
68,72,51
51,68,53
53,74,55
37,58,58
27,50,61
21,26,64
22,37,66
32,48,69
26,50,71
39,47,72
43,44,74
48,60,75
47,52,75
49,57,76
46,62,76
43,58,75
31,52,75
24,67,77
24,15,78
28,29,78
19,37,79
30,27,79
13,8,78
10,7,77
6,16,76
14,11,75
16,10,74
18,10,72
27,10,71
31,9,70
29,8,68
25,8,67
18,10,66
9,52,65
9,64,64
5,70,63
4,48,59
9,44,58
5,46,56
5,51,54
6,22,52
10,17,52
1,72,52
1,53,52
6,31,53
4,42,51
0,73,49
0,29,48
0,34,48
0,67,49
0,61,49
0,71,50
20,58,50
35,56,52
45,58,55
47,73,59
59,65,62
54,61,65
60,55,68
71,66,71
83,67,73
63,63,75
56,65,77
59,69,79
52,57,82
57,60,86
57,65,90
37,66,93
29,57,97
38,53,98
44,52,99
35,53,100
29,71,100
26,60,101
26,33,101
34,40,102
9,48,103
18,28,104
11,31,105
11,14,106
3,48,107
9,62,106
11,67,107
33,68,106
38,73,103
36,74,100
33,72,99
23,81,97
31,89,96
22,90,95
16,92,94
16,98,92
15,92,90
4,100,89
0,58,88
14,13,87
4,69,85
8,15,83
19,11,81
13,17,79
7,13,78
3,10,77
3,14,76
2,4,76
10,44,75
6,71,75
10,72,74
16,76,73
13,80,70
13,72,65
15,69,64
11,59,62
4,55,62
11,11,60
12,16,57
6,36,55
3,24,52
14,50,52
20,52,51
15,52,50
21,53,49
40,70,50
27,57,50
27,60,50
27,53,50
32,57,51
35,55,53
33,60,54
30,45,55
44,51,57
55,50,57
46,57,59
47,63,60
64,63,61
60,60,60
64,67,64
59,66,67
38,50,71
34,51,73
39,60,74
39,66,77
46,68,77
60,65,78
54,68,78
58,70,78
56,62,79
53,60,80
50,70,81
42,70,82
50,65,83
50,73,84
40,68,85
50,71,87
56,65,89
54,63,91
53,59,92
32,57,92
32,58,90
30,72,90
23,35,90
16,33,90
25,7,90
29,11,91
28,13,92
32,8,93
28,13,92
30,9,93
28,11,93
28,21,93
31,5,91
29,8,90
20,23,88
20,22,88
25,9,87
18,13,87
23,9,86
16,59,85
10,85,81
16,92,79
4,86,75
13,92,71
23,88,67
14,84,64
12,56,61
17,23,58
13,11,55
16,23,53
7,30,53
1,63,50
1,63,47
1,63,45
4,63,45
13,56,43
29,26,43
34,34,43
25,36,42
49,44,41
50,37,41
43,33,42
46,48,43
51,39,44
63,55,48
71,42,49
58,58,52
67,59,53
68,60,54
56,46,56
49,67,58
50,55,61
43,52,63
35,59,66
45,57,69
36,55,70
28,61,71
30,63,71
33,58,72
39,73,72
29,49,73
36,58,74
25,64,76
34,67,77
26,36,77
31,14,78
20,18,79
13,38,80
23,51,81
21,60,81
23,57,81
41,64,82
48,69,80
31,47,78
26,58,79
21,61,78
6,51,79
9,29,78
13,7,76
14,8,75
10,10,75
1,33,75
2,55,72
0,30,70
0,67,67
0,61,66
0,67,63
11,34,61
3,30,62
1,36,63
6,50,63
5,43,64
13,58,65
21,68,65
19,65,66
28,40,66
30,58,66
23,64,68
26,73,69
13,63,71
9,45,73
27,9,75
28,7,76
23,8,77
26,10,78
27,9,79
15,11,78
16,14,80
12,31,80
16,39,79
12,34,80
22,52,80
29,62,81
33,58,81
20,56,82
15,57,83
27,68,84
38,59,84
60,55,85
54,57,84
48,65,84
47,65,84
42,67,84
40,65,85
34,55,87
25,45,88
19,40,88
36,13,89
39,11,90
37,9,90
22,14,90
31,8,88
30,7,88
25,18,89
8,10,89
13,24,89
17,37,90
25,9,89
14,30,89
8,35,90
43,55,89
46,69,88
41,59,87
44,72,84
50,73,82
46,54,80
30,52,79
31,53,79
25,39,80
27,42,81
23,37,82
27,23,82
29,15,83
29,11,84
33,10,84
42,20,85
33,13,85
32,6,86
22,8,86
29,7,86
27,7,87
29,7,89
22,9,90
9,32,91
13,61,90
17,57,92
29,66,94
31,66,93
32,71,90
37,70,89
25,68,89
18,74,92
7,58,92
14,4,92
6,77,93
15,85,92
15,83,92
29,100,92
30,91,90
44,94,89
34,89,88
37,89,87
36,92,84
33,83,82
27,87,79
25,86,77
33,86,74
33,84,72
30,86,69
29,87,65
16,72,61
8,47,57
6,42,53
14,62,50
6,58,47
9,70,46
6,70,46
33,47,47
66,39,48
63,40,49
64,46,53
63,52,56
70,49,60
67,47,61
66,41,64
50,52,69
59,54,70
64,63,74
64,60,75
72,63,77
70,72,80
91,70,83
87,68,85
78,61,87
81,66,88
61,63,89
67,59,90
62,71,90
63,55,90
53,65,93
55,65,94
53,67,96
48,67,97
24,52,98
30,71,98
45,68,97
45,65,96
32,62,97
27,51,98
25,25,99
23,27,99
21,20,99
21,15,100
27,73,98
20,65,98
27,51,97
35,55,96
26,46,95
15,61,95
26,67,93
27,59,91
19,60,89
16,62,87
13,68,85
16,75,84
3,68,85
0,75,84
0,83,83
0,63,81
0,28,79
0,37,79
0,44,78
0,80,76
0,81,74
0,81,73
0,40,71
0,38,70
0,14,66
0,36,63
0,52,61
0,64,56
0,76,54
0,40,49
8,54,44
18,71,38
7,52,33
6,52,27
20,12,20
17,14,17
26,19,14
25,12,9
22,30,4
12,51,4
8,48,4
34,51,5
72,63,7
61,58,12
57,62,16
47,60,19
46,50,19
39,59,20
43,50,22
61,53,24
59,46,27
55,49,29
54,49,30
72,50,32
58,56,32
63,50,34
75,41,33
58,45,36
63,42,37
61,44,38
50,48,40
50,45,41
64,37,42
52,47,44
52,52,44
68,51,44
61,52,45
66,52,46
66,56,47
79,54,48
82,52,48
64,51,51
62,55,53
77,56,55
67,62,56
66,57,56
73,67,57
71,67,58
69,61,58
70,67,59
66,50,58
54,54,59
57,56,60
57,67,62
62,65,66
55,69,68
41,69,69
42,64,69
46,62,70
52,64,71
54,68,72
52,66,71
64,63,73
63,66,72
64,69,73
59,56,75
47,72,75
51,64,76
68,40,76
40,48,76
34,58,77
34,53,76
32,37,75
33,57,75
27,45,74
25,41,73
26,25,74
25,42,74
27,62,75
33,58,75
38,62,75
68,22,75
35,54,75
29,65,73
38,72,73
16,81,72
23,72,70
24,70,70
15,60,70
22,48,69
12,62,69
13,59,67
13,61,67
30,71,66
26,72,64
32,66,62
29,71,60
32,64,57
37,45,56
30,62,55
34,60,55
38,62,54
33,71,55
35,56,56
40,68,56
44,63,56
43,72,57
58,55,58
45,69,58
55,63,58
52,65,58
64,56,59
52,58,60
53,62,62
54,62,64
70,68,65
67,80,66
55,63,67
68,62,69
69,67,69
62,62,69
60,66,71
53,68,72
63,69,73
54,70,74
45,68,75
51,67,77
62,68,78
36,56,79
44,66,81
56,66,82
88,74,81
43,69,82
69,65,81
73,70,81
60,66,82
79,67,83
83,64,82
62,60,81
60,66,82
57,68,84
48,65,84
40,62,84
30,46,82
35,63,81
50,76,79
36,69,77
35,71,76
19,66,75
16,28,74
31,8,73
33,12,74
24,24,74
22,16,74
22,12,73
21,10,71
21,9,70
21,11,69
12,35,68
18,40,66
9,23,65
18,31,66
18,39,65
22,46,65
34,51,66
47,52,66
46,46,66
43,54,67
36,65,67
27,61,66
40,62,67
27,67,67
21,50,68
25,56,69
18,61,69
5,36,70
3,16,71
10,35,72
11,64,73
14,33,73
19,11,73
7,48,73
6,11,73
12,11,74
5,62,74
1,12,74
2,84,74
6,35,74
6,71,75
12,77,75
15,61,74
22,69,72
28,71,71
31,69,68
33,68,65
36,80,64
40,81,61
32,90,60
25,93,60
19,87,60
13,93,58
15,89,58
20,26,57
21,8,57
26,9,55
24,7,55
19,8,55
26,10,54
32,17,54
35,9,53
31,16,53
26,15,54
11,46,56
4,56,58
7,70,56
11,66,54
18,77,54
7,80,52
10,49,51
20,18,50
24,8,50
19,7,49
18,7,50
20,8,50
17,7,50
21,15,49
26,20,49
21,23,48
26,35,47
20,28,47
20,47,48
43,73,47
26,63,47
34,65,48
26,53,49
32,69,50
26,61,50
16,40,51
35,68,51
35,62,52
34,67,54
39,64,55
41,59,56
34,63,57
39,57,59
35,55,61
36,55,63
29,58,64
22,37,65
32,3,67
30,11,68
28,12,69
27,4,69
20,7,69
24,8,68
18,7,68
8,30,67
11,23,67
5,109,68
8,92,66
17,98,64
34,93,62
36,102,60
26,95,55
13,92,51
6,91,46
0,40,42
0,71,40
0,77,39
0,78,38
0,72,37
0,57,38
0,56,36
0,58,36
26,59,36
24,51,35
30,49,34
20,26,33
27,41,34
30,40,33
29,20,33
34,31,34
36,35,34
23,34,35
58,56,35
50,67,40
49,65,42
54,60,43
52,55,44
50,59,45
58,61,46
43,66,47
30,57,49
16,67,50
8,35,51
6,32,51
6,15,51
15,12,50
6,39,51
10,58,50
28,83,51
17,84,51
8,71,50
3,67,47
7,25,45
10,20,43
14,12,41
17,16,40
13,40,40
19,68,38
26,57,37
30,71,35
38,73,33
23,63,32
16,76,29
36,51,29
36,44,32
28,49,35
33,52,36
51,56,38
46,65,42
65,71,44
64,67,47
69,59,48
49,64,49
50,65,51
43,67,51
36,65,52
43,67,54
44,68,57
29,67,58
35,56,59
42,69,62
41,62,62
43,54,62
53,65,63
61,51,63
57,57,64
51,57,63
48,67,64
43,63,66
37,66,67
37,66,70
20,52,71
27,72,73
43,63,74
60,65,75
44,59,76
39,60,76
38,63,76
45,72,77
46,63,77
41,71,77
39,72,77
37,80,78
32,75,79
40,57,80
41,63,81
36,64,80
43,47,80
44,72,80
36,63,78
38,56,77
34,64,76
25,51,76
14,49,77
20,19,78
26,9,79
26,9,79
31,9,80
18,6,80
4,5,81
13,8,80
8,8,80
9,8,80
6,47,80
4,58,80
5,42,79
3,99,79
4,54,79
7,67,79
16,68,79
21,72,77
26,71,75
21,69,74
10,69,72
11,61,71
15,68,71
6,84,69
6,36,69
14,9,69
13,8,69
17,24,69
21,7,70
23,18,69
23,17,66
23,10,66
25,9,66
30,8,65
25,8,64
29,8,63
32,9,64
16,6,64
7,5,64
13,12,64
28,27,64
4,40,63
7,103,61
15,107,59
14,95,57
25,95,55
29,96,54
27,97,52
28,99,50
30,101,49
25,101,49
27,96,46
30,98,44
28,96,40
49,91,36
40,92,34
24,86,30
21,75,27
25,40,24
28,17,23
36,8,21
31,9,20
35,10,20
34,10,20
26,29,20
13,40,19
14,40,19
25,43,19
31,52,18
31,38,18
23,40,18
24,36,18
22,49,18
22,48,19
23,47,20
24,57,20
42,49,20
44,53,21
54,52,21
41,66,21
46,62,21
64,66,22
77,71,22
90,70,24
71,64,26
75,74,27
67,75,27
55,61,28
63,69,28
85,69,27
80,65,26
83,63,25
82,60,24
84,52,24
80,53,26
73,57,28
53,59,30
52,55,31
50,57,32
51,43,33
67,56,34
56,50,35
50,46,35
50,38,34
42,35,33
37,37,32
32,34,31
38,34,30
40,36,29
38,42,29
57,54,29
64,48,30
58,51,30
68,55,31
68,47,31
66,58,31
63,61,31
62,52,32
59,58,34
62,64,35
59,57,36
66,61,38
71,67,40
52,56,41
56,60,43
53,58,44
43,60,45
52,65,45
39,64,47
48,68,48
45,74,48
33,62,50
28,40,51
30,30,52
26,46,53
32,67,53
35,63,53
33,57,52
42,60,51
31,55,51
29,53,49
28,51,49
31,45,48
29,36,49
23,55,50
19,64,52
29,30,53
29,8,54
27,11,54
26,14,54
23,39,54
17,41,52
13,65,52
10,44,49
19,41,48
28,31,48
22,54,48
28,46,48
35,52,50
41,57,50
38,55,52
42,49,54
39,61,54
39,55,54
41,56,54
36,59,54
34,40,54
29,48,55
30,23,56
34,6,58
36,9,59
37,7,60
33,7,62
31,8,61
22,7,61
22,8,60
14,28,60
25,11,60
24,7,59
20,8,59
8,7,58
6,30,57
1,51,57
11,53,57
29,62,56
31,64,54
35,64,51
26,64,49
33,63,46
35,78,44
31,82,41
39,86,40
28,78,40
44,16,41
48,10,42
55,19,44
46,39,45
38,60,48
33,60,50
39,69,52
49,68,56
43,63,57
54,68,58
49,66,60
49,57,63
46,63,66
49,47,69
41,53,70
43,53,71
43,58,72
46,63,71
54,68,71
44,65,71
45,71,71
36,61,71
25,61,71
17,54,72
27,28,72
8,41,73
6,20,74
11,11,75
12,13,75
10,13,75
22,11,75
24,11,76
24,8,76
23,12,76
21,12,76
13,10,78
1,79,79
8,82,80
28,75,81
41,81,82
43,73,82
44,78,81
54,82,81
51,77,80
44,82,80
43,80,78
37,89,78
27,85,78
12,105,79
6,96,80
7,93,81
7,90,81
13,81,81
4,85,81
3,34,81
11,12,80
21,11,79
18,10,79
22,8,80
12,11,80
19,17,81
9,27,81
10,54,81
19,65,81
25,70,80
26,62,79
26,77,78
24,71,76
25,67,75
28,79,75
26,75,74
25,70,74
39,8,75
39,10,76
42,9,77
38,8,78
34,9,78
35,10,77
27,9,77
34,9,77
35,8,76
30,6,76
28,7,76
27,8,76
25,8,77
19,18,78
9,49,78
28,65,78
35,65,77
29,65,75
28,62,74
34,71,73
28,68,71
30,78,71
31,90,70
29,109,71
28,60,68
29,95,69
23,100,69
38,10,71
39,17,72
37,9,72
36,11,72
32,37,72
35,17,73
32,11,71
27,33,72
27,48,72
18,62,72
24,101,72
29,102,72
17,90,73
20,66,72
21,86,70
19,90,69
30,98,68
42,93,67
44,93,65
59,92,63
53,96,62
54,95,59
46,98,60
32,98,60
37,92,59
41,84,57
51,22,58
40,13,59
43,8,57
47,9,57
38,9,57
36,22,58
39,9,57
36,31,56
35,21,57
36,19,56
27,10,57
28,12,57
44,18,58
71,14,57
66,43,57
43,37,57
50,49,59
49,57,60
46,64,62
65,48,62
76,33,63
93,30,63
74,44,63
64,67,64
61,48,66
60,52,67
72,43,68
81,32,69
54,57,70
35,73,70
31,63,72
31,51,73
60,28,71
34,46,74
33,56,74
24,45,74
29,56,74
31,67,72
31,65,71
27,76,70
25,71,70
17,84,69
35,13,70
40,10,71
36,9,72
37,10,74
36,10,74
34,7,75
34,6,75
38,6,75
36,7,75
33,8,76
23,9,75
17,14,76
27,9,76
13,8,78
16,29,79
17,67,79
25,59,79
34,68,78
35,64,78
34,67,76
37,81,74
40,77,72
39,82,71
38,82,70
33,98,70
27,91,69
22,100,69
18,90,70
18,81,71
19,90,71
19,100,71
13,100,72
6,43,71
10,26,69
9,6,68
4,52,66
6,78,66
8,27,66
5,83,66
6,80,65
11,77,64
26,78,62
36,77,61
41,82,59
42,84,56
35,85,55
33,93,52
39,90,50
43,91,49
31,92,47
35,94,47
34,94,46
26,100,45
33,89,44
24,93,43
8,65,42
17,18,39
11,30,36
11,21,34
10,48,32
25,58,33
34,59,34
41,63,34
48,63,37
55,70,38
73,64,37
78,65,37
79,63,38
81,64,39
85,64,40
96,71,41
88,70,42
83,70,43
88,71,44
62,77,46
52,71,47
49,83,49
29,67,49
28,43,49
42,5,50
44,7,51
39,19,50
28,10,50
26,17,50
30,11,50
22,15,50
16,21,50
26,51,49
30,70,48
31,68,47
41,64,44
60,75,43
50,78,40
52,73,38
40,69,38
37,70,37
38,57,38
39,32,39
48,40,40
25,47,42
46,48,44
49,50,47
52,75,52
