Snow_mm,Solar_Radiation
53,0
54,0
55,0
55,0
56,0
57,0
58,0
61,0
63,2
65,5
67,6
68,8
70,7
72,7
73,5
75,4
75,2
77,1
79,0
82,0
84,0
85,0
85,0
85,0
85,0
85,0
85,0
85,0
86,0
86,0
86,0
86,10
86,29
86,70
86,87
86,98
87,101
87,97
87,85
87,33
88,8
88,3
88,0
88,0
88,0
88,0
88,0
88,0
88,0
89,0
89,0
89,0
89,0
89,0
89,1
90,11
90,27
90,63
90,71
90,88
90,97
90,95
90,82
90,32
90,16
90,9
90,1
91,0
91,0
90,0
90,0
89,0
89,0
89,0
89,0
89,0
89,0
88,0
88,0
88,8
89,36
89,54
89,72
89,31
88,37
87,26
86,19
86,8
86,11
86,2
85,0
85,0
86,0
86,0
86,0
86,0
86,0
86,0
85,0
85,0
84,0
84,0
84,0
84,6
84,26
84,16
84,8
84,9
84,8
84,11
84,14
83,15
83,4
83,3
83,0
83,0
82,0
82,0
82,0
82,0
82,0
82,0
80,0
80,0
80,0
81,0
80,0
80,1
80,4
79,14
79,15
78,24
78,15
77,13
77,15
76,31
76,11
76,4
76,0
76,0
76,0
76,0
76,0
76,0
76,0
76,0
76,0
76,0
76,0
76,0
76,1
76,5
75,13
75,15
75,19
74,33
74,48
74,65
74,56
74,34
74,19
74,8
75,1
75,0
75,0
75,0
75,0
75,0
75,0
75,0
75,0
75,0
75,0
75,0
75,1
74,19
73,64
73,93
73,109
73,112
73,97
73,99
73,86
72,28
72,8
72,2
72,0
72,0
73,0
73,0
73,0
73,0
72,0
72,0
72,0
72,0
72,0
72,0
72,0
72,12
71,20
71,43
71,83
71,74
71,83
71,92
71,69
70,30
69,9
69,2
69,0
69,0
69,0
69,0
69,0
69,0
69,0
69,0
69,0
69,0
69,0
68,0
68,2
68,6
66,22
67,38
67,56
67,83
67,63
67,84
66,76
65,38
64,25
64,7
64,1
64,0
63,0
62,0
62,0
62,0
62,0
62,0
64,0
64,0
64,0
64,0
64,2
63,17
62,52
63,73
63,89
63,96
62,106
61,97
59,84
58,34
57,20
57,10
56,0
56,0
55,0
55,0
55,0
55,0
55,0
55,0
55,0
55,0
56,0
56,0
56,2
56,10
55,16
56,20
56,22
56,19
56,14
56,7
56,8
56,10
56,4
56,1
57,0
57,0
58,0
58,0
59,0
60,0
60,0
60,0
61,0
63,0
64,0
65,0
66,1
66,2
66,5
66,12
67,9
67,6
67,6
68,6
69,18
70,22
70,11
70,4
70,0
70,0
70,0
71,0
71,0
72,0
72,0
72,0
72,0
72,0
72,0
72,0
72,0
72,5
72,20
72,28
72,50
73,36
73,48
73,50
73,35
73,25
73,12
73,5
73,1
73,0
74,0
74,0
74,0
74,0
74,0
74,0
74,0
74,0
74,0
74,0
74,3
74,14
74,20
74,25
75,27
75,37
75,87
75,69
75,46
75,41
75,16
75,8
75,2
75,0
75,0
75,0
75,0
75,0
75,0
75,0
75,0
75,0
75,0
75,0
75,2
75,17
75,36
75,59
75,95
75,106
74,109
74,115
73,92
72,44
71,9
71,3
71,1
70,0
70,0
69,0
70,0
71,0
71,0
71,0
71,0
71,0
71,0
71,0
71,1
71,21
71,55
71,76
71,93
71,103
70,106
68,102
66,53
65,19
65,15
64,7
63,2
63,0
63,0
63,0
63,0
63,0
63,0
62,0
62,0
62,0
62,0
61,0
61,2
61,9
61,17
61,28
61,93
60,103
59,107
57,101
54,88
53,65
51,13
50,6
49,1
48,0
48,0
47,0
47,0
48,0
49,0
49,0
49,0
49,0
49,0
49,0
49,1
49,2
49,8
49,25
50,6
50,4
50,16
49,13
49,7
49,4
49,3
47,2
46,0
46,0
46,0
46,0
46,0
46,0
46,0
46,0
45,0
45,0
45,0
45,0
44,1
44,2
43,4
43,4
43,2
43,5
43,6
43,9
43,4
42,3
41,5
41,1
40,0
40,0
40,0
39,0
39,0
38,0
38,0
38,0
37,0
36,0
35,0
35,0
34,0
33,1
31,3
31,4
29,4
28,7
26,6
25,6
23,5
21,2
20,1
18,0
17,0
16,0
16,0
15,0
14,0
14,0
14,0
13,0
12,0
12,0
12,0
12,0
12,0
12,3
12,8
12,19
12,33
12,44
12,67
12,80
11,44
11,48
10,18
10,4
10,2
10,0
10,0
10,0
10,0
10,0
10,0
10,0
10,0
10,0
10,0
10,0
10,2
10,15
11,59
12,80
12,80
12,101
12,86
11,46
10,16
10,12
10,8
10,6
10,0
10,0
10,0
10,0
10,0
10,0
10,0
10,0
10,0
10,0
10,0
10,0
10,1
11,9
11,15
11,15
12,47
12,62
11,88
12,78
12,107
11,83
10,15
10,6
10,1
10,0
10,0
10,0
10,0
10,0
10,0
10,0
10,0
10,0
10,0
10,0
10,0
11,0
12,0
12,0
12,0
12,0
12,0
12,0
12,0
11,0
10,0
10,0
10,0
10,0
10,0
10,0
10,0
10,0
10,0
10,0
10,0
10,0
10,0
10,0
10,0
10,0
11,0
12,0
12,0
12,0
12,0
12,0
11,82
10,26
10,23
10,11
10,2
10,0
10,0
10,0
10,0
10,0
10,0
10,0
10,0
10,0
10,0
10,0
10,1
11,23
11,29
11,34
10,26
10,22
10,11
10,11
10,17
10,10
10,9
10,8
10,1
10,0
10,0
10,0
10,0
10,0
10,0
10,0
10,0
10,0
10,0
10,0
10,4
10,13
11,27
11,40
12,63
11,63
12,74
11,25
11,36
11,35
10,17
10,9
10,2
10,0
10,0
10,0
10,0
10,0
10,0
10,0
10,0
10,0
10,0
10,0
10,3
10,4
10,14
10,12
10,9
10,21
11,33
12,106
11,27
11,19
10,13
10,12
10,1
10,0
10,0
10,0
10,0
10,0
10,0
10,0
10,0
10,0
10,0
10,0
10,2
10,29
11,22
12,87
11,79
11,40
10,23
10,29
11,25
10,21
10,17
10,9
10,3
10,0
10,0
10,0
10,0
10,0
10,0
10,0
10,0
10,0
10,0
10,0
10,2
10,27
11,65
12,85
12,101
12,110
12,112
11,108
11,95
10,76
10,11
10,4
10,1
10,0
10,0
10,0
10,0
10,0
10,0
10,0
10,0
10,0
10,0
10,0
10,2
11,29
12,63
12,84
12,99
12,109
12,111
12,106
12,94
10,76
10,12
10,8
10,2
10,0
10,0
10,0
10,0
10,0
10,0
10,0
10,0
10,0
10,0
10,0
10,3
10,14
10,23
10,17
10,9
11,21
11,94
10,22
10,89
10,17
10,17
10,8
10,3
10,0
10,0
10,0
10,0
9,0
9,0
10,0
10,0
10,0
10,0
10,0
11,2
11,28
11,66
13,86
12,102
12,111
12,114
11,109
11,96
10,78
10,11
10,3
10,1
10,0
10,0
10,0
10,0
9,0
9,0
9,0
10,0
10,0
10,0
10,0
10,2
11,25
12,66
12,86
12,101
12,111
12,113
11,108
11,96
11,78
10,12
10,4
10,1
10,0
10,0
10,0
10,0
10,0
10,0
10,0
10,0
10,0
10,0
10,0
10,3
11,24
11,66
12,87
12,88
12,120
12,104
11,101
11,60
11,43
11,24
10,14
10,6
10,0
10,0
10,0
10,0
10,0
10,0
10,0
10,0
10,0
10,0
10,0
10,2
10,4
10,2
11,31
11,24
11,24
12,53
12,52
11,72
10,41
10,15
10,15
10,1
10,0
10,0
10,0
10,0
10,0
10,0
10,0
10,0
10,0
10,0
10,1
10,4
10,26
11,65
12,55
11,57
11,33
11,43
12,58
12,93
11,73
10,19
10,9
10,3
10,0
10,0
10,0
10,0
10,0
10,0
10,0
10,0
10,0
10,0
10,1
10,5
10,12
10,8
10,6
11,29
11,30
10,25
10,19
10,15
10,9
10,7
10,3
10,0
10,0
10,0
10,0
10,0
10,0
15,0
15,0
15,0
15,0
15,0
15,0
15,2
15,7
15,16
15,19
15,23
15,26
15,19
15,21
15,19
15,10
15,13
15,7
15,5
15,0
15,0
15,0
15,0
15,0
15,0
15,0
15,0
15,0
15,0
15,0
15,1
15,4
15,14
15,14
15,23
15,36
15,69
15,36
15,29
15,15
15,8
15,7
15,3
15,0
15,0
15,0
15,0
15,0
15,0
15,0
15,0
15,0
15,0
15,1
15,3
15,25
15,62
15,84
15,54
15,122
15,63
15,78
15,90
15,25
15,19
15,12
15,2
15,0
15,0
15,0
15,0
15,0
15,0
15,0
15,0
15,0
15,0
15,2
15,11
15,15
15,25
15,39
15,36
15,52
15,54
15,48
15,90
15,52
15,24
15,11
15,5
15,0
15,0
15,0
15,0
15,0
15,0
15,0
15,0
15,0
15,0
15,0
15,2
15,7
15,12
15,9
15,7
15,8
15,6
15,5
15,3
15,4
15,2
15,2
15,0
15,0
15,0
15,0
15,0
15,0
15,0
15,0
15,0
15,0
15,0
15,1
15,6
15,23
15,8
15,15
15,83
15,36
15,58
15,114
15,98
15,75
15,20
15,12
15,2
15,0
15,0
15,0
15,0
15,0
15,0
15,0
15,0
15,0
15,0
15,1
15,3
15,27
15,69
15,89
15,104
15,113
15,115
15,110
15,98
15,80
15,14
15,6
15,1
15,0
15,0
15,0
15,0
15,0
15,0
15,0
15,0
15,0
15,0
15,2
15,9
15,20
15,9
15,9
15,33
15,38
15,4
15,13
15,23
15,17
15,21
15,6
15,4
15,0
15,0
15,0
15,0
15,0
15,0
15,0
15,0
15,0
15,0
15,1
15,0
15,2
15,5
15,11
15,18
15,92
15,28
15,15
15,20
15,17
15,12
15,13
15,3
15,0
15,0
15,0
15,0
15,0
15,0
15,0
15,0
15,0
15,0
15,1
15,8
15,18
15,62
15,81
15,73
15,56
15,109
15,54
15,22
15,35
15,10
15,10
15,5
15,0
15,0
15,0
15,0
15,0
15,0
15,0
15,0
15,0
15,0
15,3
15,11
15,25
15,76
15,63
15,79
15,38
15,20
15,25
15,50
15,87
15,24
15,12
15,4
15,0
15,0
15,0
15,0
15,0
15,0
15,0
15,0
15,0
15,0
15,1
15,6
15,17
15,36
15,23
15,51
15,41
15,23
15,33
15,29
15,16
15,13
15,9
15,3
15,0
15,0
15,0
15,0
15,0
15,0
15,0
15,0
15,0
15,0
15,3
15,10
15,30
15,70
15,90
15,109
15,96
15,107
15,45
15,54
15,28
15,20
15,10
15,5
15,0
15,0
15,0
15,0
15,0
15,0
15,0
15,0
15,0
15,0
15,0
15,8
15,28
15,17
15,39
15,74
15,109
15,115
15,98
15,68
15,57
15,22
15,13
15,4
15,0
15,0
15,0
15,0
15,0
15,0
15,0
15,0
15,0
15,0
15,2
15,11
15,26
15,48
15,42
15,78
15,59
15,22
15,23
15,29
15,21
15,12
15,12
15,3
15,0
15,0
15,0
15,0
15,0
15,0
15,0
15,0
15,0
15,0
15,0
15,9
15,17
15,64
15,38
15,24
15,18
15,23
15,39
15,40
15,50
15,15
15,5
15,3
15,0
15,0
15,0
15,0
15,0
15,0
15,0
15,0
15,0
15,0
15,3
15,8
15,21
15,64
15,45
15,76
15,35
15,73
15,38
15,31
15,24
15,21
15,3
15,3
15,0
15,0
15,0
15,0
15,0
15,0
15,0
15,0
15,0
15,0
15,1
15,7
15,10
15,11
15,19
15,20
15,23
15,34
15,25
15,31
15,40
15,22
15,19
15,8
15,0
15,0
15,0
15,0
15,0
15,0
15,0
15,0
15,0
15,0
15,2
15,5
15,9
15,18
15,36
15,37
15,28
15,28
15,41
15,27
15,20
15,13
15,6
15,2
15,0
15,0
15,0
15,0
15,0
15,0
15,0
15,0
15,0
15,0
15,1
15,7
15,16
15,45
15,90
15,104
15,114
15,109
15,108
15,85
15,51
15,19
15,7
15,4
15,1
15,0
15,0
15,0
15,0
15,0
15,0
15,0
15,0
15,0
15,3
15,5
15,23
15,46
15,89
15,96
15,117
15,125
15,26
15,23
15,26
15,18
15,12
15,7
15,1
15,0
15,0
15,0
15,0
15,0
15,0
15,0
15,0
15,0
15,0
15,2
15,8
15,19
15,83
15,99
15,114
15,115
15,120
15,79
15,93
15,14
15,6
15,6
15,0
15,0
15,0
15,0
15,0
15,0
15,0
15,0
15,0
15,0
15,1
15,5
15,23
15,72
15,31
15,66
15,50
15,27
15,28
15,51
15,83
15,7
15,4
15,3
15,0
15,0
15,0
15,0
15,0
15,0
15,0
15,0
15,0
15,0
15,1
15,5
15,21
15,73
15,93
15,112
15,74
15,15
15,87
15,83
15,65
15,9
15,4
15,2
15,0
15,0
15,0
15,0
15,0
15,0
15,0
15,0
15,0
15,0
15,1
15,5
15,22
15,71
15,95
15,110
15,120
15,119
15,115
15,104
15,80
15,17
15,10
15,6
15,0
15,0
15,0
15,0
15,0
15,0
15,0
15,0
15,0
15,0
15,2
15,10
15,20
15,41
15,108
15,33
15,105
15,40
15,44
15,103
15,73
15,11
15,7
15,3
15,1
15,0
15,0
15,0
15,0
15,0
15,0
15,0
15,0
15,0
15,0
15,2
15,1
15,2
15,6
15,4
15,7
15,11
15,12
15,7
15,7
15,3
15,0
15,0
15,0
15,0
15,0
15,0
15,0
15,0
15,0
15,0
15,0
15,0
15,0
15,1
15,11
15,11
15,90
15,111
15,70
15,126
15,93
15,97
15,39
15,9
15,4
15,2
15,1
15,0
15,0
15,0
15,0
15,0
15,0
15,0
15,0
15,0
15,5
15,9
15,12
15,16
15,33
15,23
15,50
15,60
15,105
15,72
15,100
15,7
15,4
15,1
15,0
15,0
15,0
15,0
15,0
15,0
15,0
15,0
15,0
15,0
15,4
15,11
15,15
15,21
15,32
15,38
15,57
15,66
15,82
15,64
15,30
15,19
15,10
15,2
15,1
15,0
15,0
15,0
15,0
15,0
15,0
15,0
15,0
15,0
15,1
15,5
15,15
15,76
15,64
15,97
15,123
15,58
15,73
15,85
15,48
15,11
15,5
15,4
15,1
15,0
15,0
15,0
15,0
15,0
15,0
15,0
15,0
15,0
15,1
15,5
15,13
15,78
15,97
15,112
15,121
15,122
15,116
15,103
15,84
15,9
15,8
15,2
15,1
15,0
15,0
15,0
15,0
15,0
15,0
15,0
15,0
15,0
15,1
15,6
15,13
15,75
15,94
15,109
15,120
15,125
15,119
15,104
15,66
15,6
15,7
15,3
15,1
15,0
15,0
15,0
15,0
15,0
15,0
15,0
15,0
15,0
15,2
15,10
15,12
15,76
15,95
15,110
15,120
15,122
15,116
15,103
15,88
15,14
15,14
15,4
15,3
15,0
15,0
15,0
15,0
15,0
15,0
15,0
15,0
15,0
15,1
15,6
15,16
15,73
15,93
15,103
15,84
15,103
15,102
15,94
15,82
15,15
15,13
15,9
15,1
15,0
15,0
15,0
15,0
15,0
15,0
15,0
15,0
15,0
15,2
15,12
15,27
15,71
15,91
15,44
15,44
15,67
15,27
15,78
15,38
15,21
15,7
15,6
15,2
15,0
15,0
15,0
15,0
15,0
15,0
15,0
15,0
15,0
15,3
15,17
15,20
15,55
15,71
15,59
15,39
15,63
15,41
15,46
15,18
15,12
15,2
15,1
15,0
15,0
15,0
15,0
15,0
15,0
15,0
15,0
15,0
15,0
15,4
15,12
15,16
15,84
15,82
15,113
15,28
15,77
15,118
15,27
15,31
15,26
15,6
15,3
15,1
15,0
15,0
15,0
15,0
15,0
15,0
15,0
15,0
15,0
15,2
15,7
15,17
15,82
15,23
15,89
15,32
15,20
15,93
15,114
15,85
15,14
15,10
15,3
15,0
15,0
15,0
15,0
15,0
15,0
15,0
15,0
15,0
15,0
15,3
15,3
15,2
15,6
15,6
15,14
15,23
15,52
15,47
15,40
15,65
15,6
15,14
15,4
15,2
15,0
15,0
15,0
15,0
15,0
15,0
15,0
15,0
15,0
15,1
15,3
15,29
15,80
15,107
15,89
15,78
15,27
15,29
15,34
15,45
15,24
15,22
15,7
15,1
15,0
15,0
15,0
15,0
15,0
15,0
15,0
15,0
15,0
15,3
15,12
15,18
15,90
15,95
15,116
15,72
15,46
15,18
15,23
15,30
15,21
15,17
15,2
15,1
15,0
15,0
15,0
15,0
15,0
15,0
15,0
15,0
15,0
15,1
15,10
15,23
15,17
15,44
15,47
15,12
15,29
15,53
15,80
15,41
15,12
15,11
15,8
15,1
15,0
15,0
15,0
15,0
15,0
15,0
15,0
15,0
15,0
15,1
15,5
15,20
15,76
15,95
15,110
15,118
15,120
15,116
15,97
15,54
15,18
15,5
15,10
15,2
15,0
15,0
15,0
15,0
15,0
15,0
15,0
15,0
15,0
15,4
15,3
15,18
15,24
15,33
15,44
15,81
15,86
15,72
15,73
15,25
15,24
15,9
15,7
15,2
15,0
15,0
15,0
15,0
15,0
15,0
15,0
15,0
15,0
15,1
15,5
15,20
15,74
15,98
15,113
15,122
15,124
15,120
15,109
15,91
15,13
15,4
15,2
15,1
15,0
15,0
15,0
15,0
15,0
15,0
15,0
15,0
15,0
15,1
15,4
15,21
15,78
15,97
15,107
15,117
15,123
15,111
15,103
15,81
15,17
15,17
15,7
15,2
15,0
15,0
15,0
15,0
15,0
15,0
15,0
15,0
15,0
15,2
15,9
15,18
15,70
15,72
15,48
15,36
15,67
15,9
15,102
15,40
15,23
15,17
15,10
15,4
15,0
15,0
15,0
15,0
15,0
15,0
15,0
15,0
15,0
15,3
15,10
15,24
15,35
15,88
15,104
15,59
15,111
15,96
15,99
15,22
15,14
15,12
15,6
15,4
15,0
15,0
15,0
15,0
15,0
15,0
15,0
15,0
15,0
15,1
15,6
15,21
15,68
15,87
15,61
15,61
15,59
15,83
15,98
15,27
15,3
15,11
15,8
15,1
15,0
15,0
15,0
15,0
15,0
15,0
15,0
15,0
15,0
15,3
15,8
15,26
15,42
15,71
15,70
15,90
15,87
15,109
15,97
15,9
15,24
15,3
15,3
15,1
15,0
15,0
15,0
15,0
15,0
15,0
15,0
15,0
15,0
15,5
15,12
15,21
15,23
15,18
15,10
15,11
15,14
15,9
15,12
15,5
15,15
15,3
15,1
15,0
15,0
15,0
15,0
15,0
15,0
15,0
15,0
15,0
15,0
15,0
15,1
15,7
15,7
15,6
15,7
15,9
15,7
15,13
15,26
15,13
15,11
15,7
15,1
15,0
15,0
15,0
15,0
15,0
15,0
15,0
15,0
15,0
15,0
15,1
15,1
15,0
15,1
15,4
15,16
15,23
15,24
15,15
15,8
15,8
15,6
15,1
15,5
15,0
15,0
15,0
15,0
15,0
15,0
15,0
15,0
15,0
15,0
15,1
15,9
15,16
15,76
15,38
15,43
15,40
15,27
15,60
15,32
15,30
15,10
15,12
15,9
15,1
15,0
15,0
15,0
15,0
15,0
15,0
15,0
15,0
15,0
15,1
15,5
15,18
15,71
15,89
15,105
15,115
15,109
15,115
15,92
15,73
15,10
15,20
15,9
15,2
15,0
15,0
15,0
15,0
15,0
15,0
15,0
15,0
15,0
15,1
15,4
15,20
15,66
15,34
15,38
15,53
15,82
15,65
15,53
15,56
15,12
15,11
15,6
15,4
15,0
15,0
15,0
15,0
15,0
15,0
15,0
15,0
15,0
15,2
15,5
15,15
15,72
15,87
15,23
15,22
15,97
15,118
15,88
15,82
15,8
15,4
15,3
15,1
15,0
15,0
15,0
15,0
15,0
15,0
15,0
15,0
15,0
15,1
15,4
15,17
15,76
15,96
15,110
15,119
15,122
15,118
15,106
15,89
15,6
15,3
15,1
15,1
15,0
15,0
15,0
15,0
15,0
15,0
15,0
15,0
15,0
15,1
15,8
15,13
15,7
15,11
15,3
15,4
15,11
15,4
15,5
15,3
15,2
15,1
15,0
15,0
15,0
15,0
15,0
15,0
15,0
15,0
15,0
15,0
15,0
15,2
15,10
15,20
15,38
15,28
15,69
15,58
15,98
15,71
15,76
15,40
15,24
15,13
15,3
15,1
15,0
15,0
15,0
15,0
15,0
15,0
15,0
15,0
15,0
15,2
15,9
15,15
15,78
15,66
15,93
15,124
15,111
15,119
15,103
15,86
15,6
15,4
15,2
15,1
15,0
15,0
15,0
15,0
15,0
15,0
15,0
15,0
15,0
15,1
15,5
15,11
15,72
15,92
15,108
15,117
15,127
15,89
15,47
15,44
15,11
15,6
15,2
15,3
15,0
15,0
15,0
15,0
15,0
15,0
15,0
15,0
15,0
15,1
15,4
15,11
15,72
15,99
15,111
15,117
15,102
15,74
15,46
15,77
15,15
15,6
15,6
15,2
15,0
15,0
15,0
15,0
15,0
15,0
15,0
15,0
15,0
15,2
15,5
15,18
15,51
15,88
15,104
15,87
15,105
15,103
15,104
15,68
15,16
15,5
15,9
15,2
15,0
15,0
15,0
15,0
15,0
15,0
15,0
15,0
15,0
15,2
15,9
15,12
15,31
15,34
15,46
15,118
15,77
15,91
15,33
15,18
15,26
15,11
15,6
15,0
15,0
15,0
15,0
15,0
15,0
15,0
15,0
15,0
15,0
15,0
15,3
15,3
15,2
15,25
15,27
15,31
15,20
15,45
15,40
15,57
15,13
15,4
15,2
15,2
15,0
15,0
15,0
15,0
15,0
15,0
15,0
15,0
15,0
15,1
15,4
15,12
15,69
15,75
15,92
15,100
15,86
15,80
15,93
15,89
15,9
15,5
15,3
15,2
15,0
15,0
15,0
15,0
15,0
15,0
15,0
15,0
15,0
15,1
15,5
15,12
15,68
15,89
15,48
15,79
15,119
15,111
15,103
15,85
15,9
15,6
15,4
15,2
15,0
15,0
15,0
15,0
15,0
15,0
15,0
15,0
15,0
15,3
15,8
15,16
15,61
15,76
15,73
15,30
15,61
15,90
15,32
15,70
15,19
15,15
15,8
15,2
15,0
15,0
15,0
15,0
15,0
15,0
15,0
15,0
15,0
15,1
15,8
15,23
15,17
15,43
15,85
15,46
15,12
15,13
15,49
15,30
15,15
15,5
15,1
15,0
15,0
15,0
15,0
15,0
15,0
15,0
15,0
15,0
15,0
15,0
15,2
15,4
15,8
15,7
15,48
15,87
15,73
15,89
15,66
15,34
15,18
15,5
15,3
15,2
15,0
15,0
15,0
15,0
15,0
15,0
15,0
15,0
15,0
15,1
15,6
15,11
15,21
15,42
15,67
15,70
15,118
15,58
15,98
15,71
15,15
15,19
15,6
15,2
15,0
15,0
15,0
15,0
15,0
15,0
15,0
15,0
15,0
15,1
15,5
15,16
15,39
15,65
15,33
15,84
15,62
15,72
15,19
15,24
15,12
15,6
15,3
15,1
15,0
15,0
15,0
15,0
15,0
15,0
15,0
15,0
15,0
15,1
15,6
15,14
15,66
15,87
15,109
15,85
15,107
15,108
15,85
15,78
15,13
15,8
15,4
15,1
15,0
15,0
15,0
15,0
15,0
15,0
15,0
15,0
15,0
15,2
15,3
15,12
15,53
15,39
15,96
15,99
15,79
15,102
15,74
15,83
15,7
15,5
15,2
15,0
15,0
15,0
15,0
15,0
15,0
15,0
15,0
15,0
15,0
15,1
15,5
15,15
15,37
15,51
15,91
15,90
15,102
15,66
15,75
15,81
15,11
15,10
15,0
15,0
15,0
15,0
15,0
15,0
15,0
15,0
15,0
15,0
15,0
15,1
15,5
15,12
15,63
15,84
15,99
15,109
15,114
15,57
15,47
15,30
15,24
15,15
15,5
15,0
15,0
15,0
15,0
15,0
15,0
15,0
15,0
15,0
15,0
15,1
15,8
15,11
15,57
15,88
15,99
15,116
15,99
15,101
15,106
15,23
15,23
15,8
15,4
15,1
15,0
15,0
15,0
15,0
15,0
15,0
15,0
15,0
15,0
15,1
15,10
15,12
15,68
15,88
15,104
15,114
15,117
15,90
15,57
15,68
15,23
15,4
15,2
15,1
15,0
15,0
15,0
15,0
15,0
15,0
15,0
15,0
15,0
15,1
15,5
15,14
15,67
15,88
15,94
15,97
15,94
15,94
15,101
15,83
15,7
15,6
15,3
15,2
15,0
15,0
15,0
15,0
15,0
15,0
15,0
15,0
15,0
15,1
15,6
15,33
15,38
15,89
15,70
15,48
15,116
15,113
15,110
15,67
15,11
15,5
15,2
15,1
15,0
15,0
15,0
15,0
15,0
15,0
15,0
15,0
15,0
15,1
15,4
15,12
15,65
15,84
15,89
15,107
15,114
15,103
15,93
15,57
15,23
15,19
15,6
15,1
15,0
15,0
15,0
15,0
15,0
15,0
15,0
15,0
15,0
15,0
15,2
15,7
15,14
15,11
15,16
15,26
15,27
15,27
15,19
15,28
15,28
15,16
15,8
15,0
15,0
15,0
15,0
15,0
15,0
15,0
15,0
15,0
15,0
15,0
15,1
15,3
15,3
15,3
15,7
15,7
15,10
15,8
15,6
15,7
15,4
15,3
15,1
15,0
15,0
15,0
15,0
15,0
15,0
15,0
15,0
15,0
15,0
15,0
15,2
15,6
15,8
15,6
15,22
15,25
15,91
15,91
15,99
15,78
15,11
15,9
15,4
15,1
15,0
15,0
15,0
15,0
15,0
15,0
15,0
15,0
15,0
15,0
15,3
15,16
15,35
15,85
15,103
15,98
15,103
15,118
15,101
15,23
15,12
15,9
15,3
15,1
15,0
15,0
15,0
15,0
15,0
15,0
15,0
15,0
15,0
15,1
15,5
15,11
15,59
15,80
15,97
15,107
15,107
15,102
15,92
15,76
15,11
15,7
15,4
15,1
15,0
15,0
15,0
15,0
15,0
15,0
15,0
15,0
15,0
15,1
15,6
15,12
15,57
15,76
15,92
15,102
15,104
15,101
15,88
15,69
15,26
15,20
15,2
15,3
15,0
15,0
15,0
15,0
15,0
15,0
15,0
15,0
15,0
15,0
15,3
15,9
15,43
15,54
15,103
15,104
15,43
15,27
15,19
15,14
15,9
15,11
15,1
15,0
15,0
15,0
15,0
15,0
15,0
15,0
15,0
15,0
15,0
15,0
15,1
15,6
15,8
15,9
15,13
15,9
15,12
15,24
15,27
15,41
15,16
15,20
15,6
15,0
15,0
15,0
15,0
15,0
15,0
15,0
15,0
15,0
15,0
15,0
15,0
15,2
15,4
15,9
15,9
15,11
15,21
15,22
15,22
15,3
15,2
15,1
15,2
15,0
15,0
15,0
15,0
15,0
15,0
15,0
15,0
15,0
15,0
15,0
15,3
15,9
15,56
15,31
15,60
15,100
15,87
15,21
15,101
15,85
15,9
15,6
15,3
15,0
15,0
15,0
15,0
15,0
15,0
15,0
15,0
15,0
15,0
15,0
15,4
15,10
15,57
15,73
15,44
15,47
15,78
15,83
15,74
15,76
15,10
15,6
15,3
15,0
15,0
15,0
15,0
15,0
15,0
15,0
15,0
15,0
15,0
15,1
15,4
15,22
15,19
15,19
15,23
15,64
15,53
15,112
15,38
15,22
15,12
15,8
15,7
15,0
15,0
15,0
15,0
15,0
15,0
15,0
15,0
15,0
15,0
15,0
15,1
15,10
15,22
15,29
15,17
15,25
15,33
15,32
15,15
15,31
15,17
15,9
15,1
15,0
15,0
15,0
15,0
15,0
15,0
15,0
15,0
15,0
15,0
15,0
15,3
15,9
15,61
15,81
15,50
15,39
15,73
15,40
15,29
15,14
15,6
15,5
15,6
15,0
15,0
15,0
15,0
15,0
15,0
15,0
15,0
15,0
15,0
15,0
15,1
15,4
15,6
15,19
15,38
15,48
15,20
15,41
15,45
15,40
15,24
15,15
15,5
15,0
15,0
15,0
15,0
15,0
15,0
15,0
15,0
15,0
15,0
15,0
15,5
15,3
15,47
15,100
15,107
15,88
15,123
15,94
15,44
15,36
15,12
15,6
15,2
15,0
15,0
15,0
15,0
15,0
15,0
15,0
15,0
15,0
15,0
15,0
15,2
15,9
15,61
15,81
15,99
15,111
15,111
15,69
15,36
15,16
15,16
15,4
15,0
15,0
15,0
15,0
15,0
15,0
15,0
15,0
15,0
15,0
15,0
15,0
15,1
15,4
15,6
15,12
15,17
15,22
15,14
15,8
15,4
15,2
15,0
15,0
15,0
15,0
15,0
15,0
15,0
15,0
15,0
15,0
15,0
15,0
15,0
15,0
15,3
15,12
15,36
15,57
15,100
15,107
15,109
15,105
15,95
15,73
15,8
15,5
15,4
15,0
15,0
15,0
15,0
15,0
15,0
15,0
15,0
15,0
15,0
15,0
15,1
15,12
15,58
15,84
15,91
15,107
15,32
15,95
15,97
15,53
15,15
15,10
15,4
15,0
15,0
15,0
15,0
15,0
15,0
15,0
15,0
15,0
15,0
15,0
15,7
15,16
15,30
15,37
15,34
15,51
15,76
15,29
15,31
15,28
15,18
15,4
15,1
15,0
15,0
15,0
15,0
15,0
15,0
15,0
15,0
15,0
15,0
15,0
15,5
15,12
15,48
15,65
15,79
15,87
15,53
15,88
15,77
15,58
15,17
15,9
15,3
15,0
15,0
15,0
15,0
15,0
15,0
15,0
15,0
15,0
15,0
15,0
15,4
15,12
15,45
15,66
15,78
15,85
15,93
15,91
15,75
15,61
15,24
15,8
15,3
15,0
15,0
15,0
15,0
15,0
15,0
15,0
15,0
15,0
15,0
15,0
15,4
15,13
15,34
15,36
15,27
15,27
15,59
15,23
15,22
15,8
15,11
15,7
15,3
15,0
15,0
15,0
15,0
15,0
15,0
15,0
15,0
15,0
15,0
15,0
15,4
15,11
15,22
15,29
15,65
15,27
15,41
15,72
15,59
15,40
15,20
15,7
15,4
15,0
15,0
15,0
15,0
15,0
15,0
15,0
15,0
15,0
15,0
15,0
15,1
15,2
15,5
15,9
15,12
15,7
15,7
15,4
15,5
15,3
15,3
15,1
15,0
15,0
15,0
15,0
15,0
15,0
15,0
15,0
15,0
15,0
15,0
15,0
15,1
15,0
15,2
15,3
15,4
15,17
15,11
15,6
15,3
15,3
15,13
15,5
15,1
15,0
15,0
15,0
15,0
15,0
15,0
15,0
15,0
15,0
15,0
15,0
15,0
15,3
15,4
15,3
15,4
15,13
15,7
15,4
15,7
15,12
15,3
15,3
15,0
15,0
15,0
15,0
15,0
15,0
15,0
15,0
15,0
15,0
15,0
15,0
15,4
15,12
15,18
15,39
15,52
15,62
15,47
15,59
15,44
15,42
15,23
15,14
15,3
15,0
15,0
15,0
15,0
15,0
15,0
15,0
15,0
15,0
15,0
15,0
15,4
15,12
15,23
15,51
15,57
15,26
15,43
15,98
15,85
15,29
15,12
15,9
15,2
15,0
15,0
15,0
15,0
15,0
15,0
15,0
15,0
15,0
15,0
15,0
15,3
15,6
15,15
15,27
15,30
15,41
15,85
15,66
15,56
15,7
15,27
15,6
15,4
15,0
15,0
15,0
15,0
15,0
15,0
15,0
15,0
15,0
15,0
15,0
15,2
15,12
15,55
15,76
15,98
15,85
15,78
15,117
15,29
15,50
15,9
15,3
15,3
15,0
15,0
15,0
15,0
15,0
15,0
15,0
15,0
15,0
15,0
15,0
15,2
15,13
15,54
15,74
15,91
15,93
15,104
15,88
15,84
15,25
15,5
15,7
15,2
15,0
15,0
15,0
15,0
15,0
15,0
15,0
15,0
15,0
15,0
15,0
15,2
15,16
15,48
15,71
15,84
15,23
15,68
15,19
15,4
15,11
15,14
15,11
15,2
15,0
15,0
15,0
15,0
15,0
15,0
15,0
15,0
15,0
15,0
15,0
15,3
15,11
15,26
15,74
15,25
15,79
15,57
15,32
15,84
15,19
15,7
15,3
15,2
15,0
15,0
15,0
15,0
15,0
15,0
15,0
15,0
15,0
15,0
15,0
15,2
15,8
15,54
15,54
15,93
15,75
15,93
15,56
15,52
15,19
15,5
15,3
15,0
15,0
15,0
15,0
15,0
15,0
15,0
15,0
15,0
15,0
15,0
15,0
15,2
15,9
15,16
15,34
15,47
15,64
15,66
15,54
15,80
15,19
15,11
15,6
15,0
15,0
15,0
15,0
15,0
15,0
15,0
15,0
15,0
15,0
15,0
15,0
15,3
15,17
15,64
15,83
15,92
15,99
15,105
15,96
15,81
15,17
15,5
15,2
15,0
15,0
15,0
15,0
15,0
15,0
15,0
15,0
15,0
15,0
15,0
15,0
15,5
15,18
15,61
15,83
15,96
15,103
15,103
15,94
15,79
15,13
15,4
15,2
15,0
15,0
15,0
15,0
15,0
15,0
15,0
15,0
15,0
15,0
15,0
15,0
15,2
15,4
15,11
15,10
15,10
15,7
15,5
15,5
15,8
15,6
15,4
15,1
15,0
15,0
15,0
15,0
15,0
15,0
15,0
15,0
15,0
15,0
15,0
15,0
15,9
15,18
15,32
15,71
15,100
15,69
15,60
15,79
15,70
15,7
15,3
15,1
15,0
15,0
15,0
15,0
15,0
15,0
15,0
15,0
15,0
15,0
15,0
15,0
15,2
15,19
15,63
15,82
15,75
15,65
15,49
15,70
15,42
15,12
15,8
15,3
15,0
15,0
15,0
15,0
15,0
15,0
15,0
15,0
15,0
15,0
15,0
15,0
15,2
15,18
15,64
15,82
15,96
15,103
15,99
15,93
15,60
15,10
15,4
15,1
15,0
15,0
15,0
15,0
15,0
15,0
15,0
15,0
15,0
15,0
15,0
15,0
15,3
15,17
15,59
15,78
15,92
15,99
15,98
15,90
15,67
15,6
15,4
15,1
15,0
15,0
15,0
15,0
15,0
15,0
15,0
15,0
15,0
15,0
15,0
15,0
15,3
15,16
15,59
15,77
15,90
15,97
15,97
15,88
15,52
15,12
15,5
15,4
15,0
15,0
15,0
15,0
15,0
15,0
15,0
15,0
15,0
15,0
15,0
15,0
15,3
15,13
15,38
15,73
15,63
15,58
15,38
15,49
15,33
15,21
15,12
15,4
15,0
15,0
15,0
15,0
15,0
15,0
15,0
15,0
15,0
15,0
15,0
15,0
15,3
15,20
15,45
15,74
15,89
15,84
15,91
15,79
15,43
15,15
15,4
15,6
15,0
15,0
15,0
15,0
15,0
15,0
15,0
15,0
15,0
15,0
15,0
15,0
15,6
15,28
15,66
15,72
15,91
15,79
15,40
15,52
15,46
15,11
15,8
15,4
15,0
15,0
15,0
15,0
15,0
15,0
15,0
15,0
15,0
15,0
15,0
15,0
15,2
15,21
15,62
15,86
15,95
15,95
15,85
15,93
15,47
15,23
15,7
15,6
15,0
15,0
15,0
15,0
15,0
15,0
15,0
15,0
15,0
15,0
15,0
15,0
15,3
15,18
15,60
15,80
15,93
15,95
15,57
15,83
15,58
15,7
15,4
15,1
15,0
15,0
15,0
15,0
15,0
15,0
15,0
15,0
15,0
15,0
15,0
15,0
15,3
15,17
15,55
15,73
15,86
15,90
15,83
15,81
15,53
15,10
15,5
15,2
15,0
15,0
15,0
15,0
15,0
15,0
15,0
15,0
15,0
15,0
15,0
15,0
15,3
15,17
15,50
15,64
15,80
15,90
15,89
15,80
15,56
15,19
15,11
15,3
15,0
15,0
15,0
15,0
15,0
15,0
15,0
15,0
15,0
15,0
15,0
15,0
15,2
15,16
15,52
15,71
15,85
15,92
15,91
15,82
15,53
15,8
15,4
15,1
15,0
15,0
15,0
15,0
15,0
15,0
15,0
15,0
15,0
15,0
15,0
15,0
15,3
15,15
15,50
15,68
15,82
15,82
15,59
15,37
15,21
15,8
15,4
15,1
15,0
15,0
15,0
15,0
15,0
15,0
15,0
15,0
15,0
15,0
15,0
15,0
15,3
15,14
15,51
15,70
15,83
15,90
15,88
15,79
15,50
15,8
15,4
15,2
15,0
15,0
15,0
15,0
15,0
15,0
15,0
15,0
15,0
15,0
15,0
15,0
15,3
15,12
15,52
15,72
15,85
15,92
15,96
15,72
15,48
15,8
15,4
15,1
15,0
15,0
15,0
15,0
15,0
15,0
15,0
15,0
15,0
15,0
15,0
15,0
15,3
15,14
15,48
15,71
15,71
15,82
15,81
15,78
15,50
15,10
15,7
15,2
15,0
15,0
15,0
15,0
15,0
15,0
15,0
15,0
15,0
15,0
15,0
15,0
15,4
15,15
15,46
15,64
15,72
15,75
15,84
15,71
15,38
15,17
15,11
15,3
15,0
15,0
15,0
15,0
15,0
15,0
15,0
15,0
15,0
15,0
15,0
15,0
15,3
15,9
15,49
15,70
15,82
15,89
15,83
15,50
15,38
15,8
15,6
15,2
15,0
15,0
15,0
15,0
15,0
15,0
15,0
15,0
15,0
15,0
15,0
15,0
15,3
15,6
15,30
15,56
15,62
15,70
15,86
15,59
15,44
15,11
15,5
15,2
15,0
15,0
15,0
15,0
15,0
15,0
15,0
15,0
15,0
15,0
15,0
15,0
15,1
15,7
15,19
15,22
15,40
15,55
15,45
15,40
15,29
15,20
15,8
15,1
15,0
15,0
15,0
15,0
15,0
15,0
15,0
15,0
15,0
15,0
15,0
15,0
15,2
15,11
15,41
15,62
15,22
15,31
15,57
15,29
15,31
15,16
15,8
15,1
15,0
15,0
15,0
15,0
15,0
15,0
15,0
15,0
15,0
15,0
15,0
15,0
15,5
15,12
15,31
15,41
15,56
15,43
15,38
15,41
15,24
15,14
15,6
15,1
15,0
15,0
15,0
15,0
15,0
15,0
15,0
15,0
15,0
15,0
15,0
15,0
15,2
15,7
15,30
15,29
15,29
15,80
15,37
15,31
15,22
15,16
15,6
15,1
15,0
15,0
15,0
15,0
15,0
15,0
15,0
15,0
15,0
15,0
15,0
15,0
15,1
15,2
15,4
15,5
15,7
15,13
15,16
15,8
15,5
15,4
15,2
15,0
15,0
15,0
15,0
15,0
15,0
15,0
15,0
15,0
15,0
15,0
15,0
15,0
15,0
15,0
15,3
15,3
15,5
15,6
15,13
15,11
15,7
15,4
15,4
15,0
15,0
15,0
15,0
15,0
15,0
15,0
15,0
15,0
15,0
15,0
15,0
15,0
15,1
15,9
15,45
15,74
15,57
15,61
15,77
15,77
15,44
15,4
15,2
15,0
15,0
15,0
15,0
15,0
15,0
15,0
15,0
15,0
15,0
15,0
15,0
15,0
15,2
15,11
15,31
15,56
15,77
15,70
15,42
15,60
15,47
15,6
15,7
15,1
15,0
15,0
15,0
15,0
15,0
15,0
15,0
15,0
15,0
15,0
15,0
15,0
15,1
15,6
15,16
15,41
15,83
15,82
15,45
15,24
15,16
15,11
15,5
15,1
15,0
15,0
15,0
15,0
15,0
15,0
15,0
15,0
15,0
15,0
15,0
15,0
15,1
15,7
15,43
15,70
15,80
15,85
15,83
15,81
15,29
15,10
15,7
15,1
15,0
15,0
15,0
15,0
15,0
15,0
15,0
15,0
15,0
15,0
15,0
15,0
15,2
15,8
15,46
15,61
15,52
15,52
15,76
15,60
15,18
15,13
15,5
15,0
15,0
15,0
15,0
15,0
15,0
15,0
15,0
15,0
15,0
15,0
15,0
15,0
15,3
15,8
15,22
15,27
15,39
15,38
15,28
15,23
15,18
15,15
15,4
15,0
15,0
15,0
15,0
15,0
15,0
15,0
15,0
15,0
15,0
15,0
15,0
15,0
15,1
15,8
15,43
15,62
15,68
15,50
15,73
15,66
15,35
15,7
15,3
15,0
15,0
15,0
15,0
15,0
15,0
15,0
15,0
15,0
15,0
15,0
15,0
15,0
15,2
15,9
15,23
15,49
15,55
15,65
15,62
15,47
15,32
15,5
15,2
15,0
15,0
15,0
15,0
15,0
15,0
15,0
15,0
15,0
15,0
15,0
15,0
15,0
15,0
15,6
15,37
15,63
15,78
15,85
15,76
15,62
15,17
15,4
15,2
15,0
15,0
15,0
15,0
15,0
15,0
15,0
15,0
15,0
15,0
15,0
15,0
15,0
15,1
15,6
15,36
15,66
15,79
15,84
15,75
15,69
15,28
15,4
15,2
15,0
15,0
15,0
15,0
15,0
15,0
15,0
15,0
15,0
15,0
15,0
15,0
15,0
15,0
15,0
15,2
15,4
15,7
15,10
15,6
15,12
15,7
15,5
15,1
15,0
15,0
15,0
15,0
15,0
15,0
15,0
15,0
15,0
15,0
15,0
15,0
15,0
15,1
15,5
15,30
15,66
15,75
15,61
15,57
15,61
15,27
15,6
15,3
15,0
15,0
15,0
15,0
15,0
15,0
15,0
15,0
15,0
15,0
15,0
15,0
15,0
15,1
15,8
15,29
15,70
15,82
15,29
15,48
15,22
15,26
15,13
15,5
15,0
15,0
15,0
15,0
15,0
15,0
15,0
15,0
15,0
15,0
15,0
15,0
15,0
15,0
15,5
15,8
15,63
15,59
15,84
15,87
15,31
15,5
15,4
15,1
15,0
15,0
15,0
15,0
15,0
15,0
15,0
15,0
15,0
15,0
15,0
15,0
15,0
15,1
15,7
15,29
15,62
15,72
15,77
15,77
15,65
15,11
15,5
15,3
15,0
15,0
15,0
15,0
15,0
15,0
15,0
15,0
15,0
15,0
15,0
15,0
15,0
15,1
15,9
15,27
15,64
15,76
15,81
15,78
15,69
15,10
15,3
15,1
15,0
15,0
15,0
15,0
15,0
15,0
15,0
15,0
15,0
15,0
15,0
15,0
15,0
15,0
15,1
15,17
15,44
15,20
15,50
15,32
15,13
15,5
15,4
15,1
15,0
15,0
15,0
15,0
15,0
15,0
15,0
15,0
15,0
15,0
15,0
15,0
15,0
15,0
15,1
15,3
15,4
15,9
15,6
15,3
15,17
15,19
15,7
15,5
15,0
15,0
15,0
15,0
15,0
15,0
15,0
15,0
15,0
15,0
15,0
15,0
15,0
15,1
15,4
15,10
15,18
15,24
15,61
15,76
15,58
15,13
15,9
15,4
15,0
15,0
15,0
15,0
15,0
15,0
15,0
15,0
15,0
15,0
15,0
15,0
15,0
15,0
15,2
15,9
15,15
15,9
15,16
15,26
15,48
15,15
15,8
15,3
15,0
15,0
15,0
15,0
15,0
15,0
15,0
15,0
15,0
15,0
15,0
15,0
15,0
15,0
15,4
15,26
15,60
15,72
15,77
15,75
15,60
15,12
15,5
15,1
15,0
15,0
15,0
15,0
15,0
15,0
15,0
15,0
15,0
15,0
15,0
15,0
15,0
15,0
15,4
15,25
15,58
15,68
15,72
15,68
15,57
15,12
15,3
15,1
15,0
15,0
15,0
15,0
15,0
15,0
15,0
15,0
15,0
15,0
15,0
15,0
15,0
15,0
15,5
15,25
15,56
15,69
15,74
15,71
15,59
15,10
15,4
15,1
15,0
15,0
15,0
15,0
15,0
15,0
15,0
15,0
15,0
15,0
15,0
15,0
15,0
15,0
15,5
15,26
15,58
15,70
15,69
15,65
15,58
15,8
15,3
15,1
15,0
15,0
15,0
15,0
15,0
15,0
15,0
15,0
15,0
15,0
15,0
15,0
15,0
15,1
15,5
15,16
15,34
15,64
15,69
15,67
15,55
15,9
15,2
15,1
15,0
15,0
15,0
15,0
15,0
15,0
15,0
15,0
15,0
15,0
15,0
15,0
15,0
15,0
15,6
15,25
15,51
15,63
15,67
15,67
15,53
15,11
15,4
15,1
15,0
15,0
15,0
15,0
15,0
15,0
15,0
15,0
15,0
15,0
15,0
15,0
15,0
15,0
15,7
15,24
15,44
15,56
15,69
15,68
15,55
15,9
15,4
15,1
15,0
15,0
15,0
15,0
15,0
15,0
15,0
15,0
15,0
15,0
15,0
15,0
15,0
15,0
15,5
15,28
15,53
15,68
15,69
15,67
15,56
15,13
15,4
15,1
15,0
15,0
15,0
15,0
15,0
15,0
15,0
15,0
15,0
15,0
15,0
15,0
15,0
15,0
15,6
15,26
15,53
15,64
15,69
15,66
15,54
15,12
15,4
15,1
15,0
15,0
15,0
15,0
15,0
15,0
15,0
15,0
15,0
15,0
15,0
15,0
15,0
15,0
15,4
15,12
15,52
15,50
15,59
15,65
15,42
15,11
15,5
15,1
15,0
15,0
15,0
15,0
15,0
15,0
15,0
15,0
15,0
15,0
15,0
15,0
15,0
15,0
15,5
15,24
15,53
15,64
15,66
15,50
15,45
15,15
15,6
15,2
15,0
15,0
15,0
15,0
15,0
15,0
15,0
15,0
15,0
15,0
15,0
15,0
15,0
15,0
15,5
15,24
15,54
15,65
15,70
15,67
15,46
15,14
15,5
15,1
15,0
15,0
15,0
15,0
15,0
15,0
15,0
15,0
15,0
15,0
15,0
15,0
15,0
15,0
15,1
15,4
15,6
15,8
15,10
15,12
15,9
15,4
15,3
15,0
15,0
15,0
15,0
15,0
15,0
15,0
15,0
15,0
15,0
15,0
15,0
15,0
15,0
15,0
15,0
15,3
15,7
15,16
15,18
15,21
15,12
15,9
15,6
15,1
15,0
15,0
15,0
15,0
15,0
15,0
15,0
15,0
15,0
15,0
15,0
15,0
15,0
15,0
15,4
15,19
15,46
15,57
15,57
15,46
15,35
15,15
15,6
15,1
15,0
15,0
15,0
15,0
15,0
15,0
15,0
9,0
9,0
9,0
10,0
9,0
9,0
9,0
9,1
9,6
10,37
10,60
10,56
9,41
9,24
9,9
9,7
9,1
9,0
9,0
9,0
9,0
9,0
9,0
9,0
9,0
9,0
9,0
9,0
9,0
9,0
9,0
9,2
10,14
10,25
10,25
9,29
10,81
9,42
9,12
9,6
9,1
9,0
9,0
9,0
9,0
9,0
9,0
9,0
9,0
9,0
9,0
9,0
9,0
9,0
9,0
10,4
10,22
10,48
10,60
10,65
11,63
10,33
9,13
9,5
9,0
9,0
9,0
9,0
9,0
9,0
9,0
9,0
9,0
9,0
9,0
9,0
9,0
10,0
9,0
9,4
10,9
10,9
10,10
10,15
10,16
9,15
10,16
9,8
9,0
9,0
9,0
9,0
9,0
9,0
9,0
9,0
9,0
9,0
9,0
10,0
10,0
10,0
10,0
10,1
10,4
10,7
10,23
10,17
10,19
10,28
10,11
10,4
9,0
9,0
9,0
9,0
9,0
9,0
9,0
9,0
9,0
9,0
9,0
9,0
9,0
9,0
9,0
9,5
10,15
10,23
9,27
10,45
9,24
9,10
9,3
9,2
9,0
9,0
9,0
9,0
9,0
9,0
9,0
9,0
9,0
9,0
9,0
9,0
9,0
9,0
9,0
9,2
9,12
10,18
9,27
9,25
10,61
9,35
9,12
9,4
9,0
9,0
9,0
9,0
9,0
9,0
9,0
9,0
9,0
9,0
9,0
9,0
9,0
9,0
9,0
9,2
10,6
10,21
11,47
11,56
10,48
9,5
9,6
9,3
9,0
9,0
9,0
9,0
9,0
9,0
9,0
9,0
9,0
9,0
9,0
9,0
9,0
9,0
9,0
9,3
10,19
10,44
10,58
10,61
10,59
10,31
10,12
9,4
9,0
9,0
9,0
9,0
9,0
9,0
9,0
9,0
9,0
9,0
9,0
9,0
9,0
10,0
10,0
10,2
10,17
10,39
11,55
11,59
10,58
10,29
9,13
9,6
9,0
9,0
9,0
9,0
9,0
9,0
9,0
9,0
9,0
9,0
9,0
9,0
9,0
10,0
10,0
10,1
10,15
10,33
11,37
10,45
10,38
9,20
9,21
9,7
9,1
9,0
9,0
9,0
9,0
9,0
9,0
9,0
9,0
9,0
9,0
9,0
9,0
9,0
9,0
9,2
9,14
10,30
9,22
9,17
9,12
9,10
9,6
9,3
9,0
9,0
9,0
9,0
9,0
9,0
9,0
9,0
9,0
10,0
10,0
10,0
10,0
9,0
9,0
9,2
9,18
10,38
10,54
10,59
10,56
10,29
10,12
9,3
9,0
9,0
9,0
9,0
9,0
9,0
10,0
10,0
10,0
10,0
10,0
10,0
10,0
10,0
9,0
9,3
9,18
10,37
10,50
10,58
11,55
10,29
10,11
9,3
9,0
9,0
9,0
9,0
9,0
9,0
9,0
9,0
9,0
9,0
10,0
10,0
10,0
10,0
10,0
10,2
10,18
10,37
10,53
11,58
11,56
10,28
10,11
9,3
9,0
9,0
9,0
9,0
9,0
9,0
9,0
9,0
9,0
9,0
10,0
9,0
9,0
9,0
9,0
10,4
10,12
10,21
10,22
11,53
10,53
10,28
9,9
9,5
9,0
9,0
9,0
9,0
9,0
9,0
9,0
9,0
9,0
9,0
9,0
9,0
9,0
9,0
9,0
9,2
10,17
10,35
10,52
11,56
10,52
10,19
10,12
9,5
9,0
9,0
9,0
9,0
9,0
9,0
9,0
9,0
9,0
9,0
9,0
9,0
10,0
10,0
9,0
9,0
10,6
10,10
10,18
10,23
10,16
10,24
10,10
9,3
9,0
9,0
9,0
9,0
9,0
9,0
9,0
9,0
9,0
9,0
9,0
9,0
9,0
9,0
9,0
9,0
10,2
10,5
10,8
10,20
11,31
11,27
10,13
9,3
9,0
9,0
9,0
9,0
9,0
9,0
9,0
9,0
9,0
9,0
9,0
9,0
9,0
9,0
9,0
9,1
10,14
10,31
10,49
11,53
11,51
10,24
10,11
9,2
9,0
9,0
9,0
10,0
10,0
10,0
10,0
10,0
10,0
10,0
10,0
10,0
10,0
10,0
10,0
10,0
10,3
10,19
10,9
10,9
10,8
10,6
10,5
10,2
10,0
9,0
9,0
10,0
10,0
10,0
9,0
10,0
10,0
9,0
9,0
9,0
10,0
10,0
10,0
10,0
10,2
10,8
10,8
10,17
10,13
10,12
10,8
9,4
9,0
9,0
9,0
9,0
9,0
9,0
9,0
9,0
9,0
10,0
10,0
9,0
10,0
9,0
9,0
10,0
10,4
10,15
10,15
10,21
10,22
10,21
10,11
9,6
10,1
10,0
10,0
10,0
10,0
10,0
10,0
10,0
10,0
10,0
10,0
10,0
11,0
11,0
11,0
11,0
10,2
10,6
11,23
11,21
11,27
11,29
11,9
11,3
10,0
10,0
10,0
10,0
10,0
10,0
10,0
10,0
10,0
10,0
10,0
10,0
10,0
10,0
10,0
10,1
10,7
10,10
10,30
10,53
10,49
10,24
10,12
10,2
9,0
9,0
9,0
10,0
10,0
10,0
10,0
10,0
10,0
10,0
10,0
10,0
10,0
10,0
10,0
10,0
10,0
10,1
10,1
10,2
10,2
10,2
10,1
10,0
10,0
11,0
11,0
11,0
11,0
11,0
11,0
11,0
11,0
11,0
11,0
11,0
11,0
11,0
11,0
11,1
10,6
10,7
11,25
11,52
11,53
10,26
10,14
10,2
10,0
10,0
10,0
10,0
10,0
10,0
10,0
9,0
9,0
9,0
9,0
10,0
10,0
10,0
10,0
10,0
10,0
11,1
11,2
11,5
12,4
13,1
15,0
17,0
18,0
18,0
18,0
18,0
19,0
20,0
20,0
20,0
20,0
20,0
20,0
20,0
20,0
20,0
20,0
20,1
20,12
20,27
20,44
20,52
20,20
20,10
20,8
20,4
20,0
20,0
20,0
20,0
20,0
21,0
21,0
21,0
21,0
21,0
21,0
21,0
21,0
21,0
21,0
21,1
21,3
21,6
21,15
21,13
21,12
21,16
21,13
21,3
21,0
21,0
21,0
21,0
21,0
21,0
21,0
21,0
21,0
21,0
21,0
21,0
21,0
21,0
21,0
21,1
21,7
21,13
21,13
21,36
21,34
21,21
21,13
21,5
21,0
21,0
21,0
21,0
21,0
21,0
21,0
21,0
21,0
21,0
21,0
21,0
21,0
21,0
21,0
21,1
21,11
21,17
21,42
21,32
21,32
21,22
21,8
21,2
21,0
21,0
21,0
21,0
21,0
21,0
21,0
21,0
21,0
21,0
21,0
21,0
21,0
21,0
21,0
21,1
21,7
21,12
21,27
21,21
21,20
21,20
21,8
21,4
21,0
21,0
21,0
21,0
21,0
21,0
21,0
21,0
21,0
21,0
21,0
21,0
21,0
21,0
21,0
21,1
21,10
21,22
21,37
21,50
21,48
21,20
21,14
21,3
21,0
21,0
21,0
21,0
21,0
21,0
22,0
23,0
23,0
23,0
24,0
24,0
24,0
24,0
24,0
24,0
24,0
24,1
24,2
25,7
25,8
25,16
25,13
25,5
25,0
25,0
25,0
26,0
26,0
27,0
27,0
27,0
28,0
28,0
28,0
28,0
28,0
28,0
28,0
28,1
28,14
28,30
28,39
28,52
28,49
28,18
28,13
28,3
28,0
28,0
28,0
28,0
28,0
28,0
28,0
28,0
28,0
28,0
28,0
28,0
28,0
28,0
28,0
28,0
28,3
28,9
28,13
28,16
28,21
28,23
28,10
28,5
28,0
28,0
28,0
28,0
28,0
28,0
28,0
28,0
29,0
29,0
31,0
31,0
31,0
31,0
31,0
33,0
33,1
33,2
33,4
33,6
33,8
33,6
33,3
33,0
33,0
33,0
33,0
33,0
33,0
33,0
33,0
33,0
33,0
33,0
33,0
33,0
33,0
33,0
33,0
33,0
33,3
33,7
33,7
33,13
33,17
33,12
33,6
33,1
33,0
33,0
33,0
35,0
36,0
36,0
36,0
36,0
36,0
36,0
36,0
36,0
36,0
36,0
36,0
36,0
36,0
36,3
36,4
36,5
36,4
36,5
36,4
36,1
36,0
36,0
36,0
36,0
36,0
36,0
36,0
36,0
36,0
37,0
37,0
38,0
38,0
39,0
40,0
39,0
38,0
38,2
38,2
38,3
37,2
37,1
37,1
37,0
37,0
36,0
36,0
36,0
34,0
34,0
33,0
31,0
31,0
31,0
31,0
31,0
31,0
32,0
33,0
33,0
33,4
33,18
33,9
33,12
33,14
33,13
33,6
33,4
33,0
33,0
33,0
33,0
33,0
34,0
34,0
34,0
35,0
35,0
35,0
35,0
35,0
35,0
35,0
35,0
35,5
35,19
35,31
35,49
35,26
36,24
36,19
36,6
36,0
36,0
36,0
36,0
36,0
35,0
35,0
35,0
35,0
35,0
35,0
34,0
34,0
33,0
33,0
33,1
33,12
33,19
33,29
33,49
33,48
33,23
33,15
33,2
33,0
33,0
33,0
33,0
33,0
33,0
33,0
33,0
32,0
32,0
32,0
32,0
32,0
31,0
31,0
31,0
31,7
31,17
30,28
29,46
29,39
29,22
29,11
30,3
30,0
31,0
31,0
31,0
30,0
30,0
30,0
30,0
30,0
30,0
30,0
30,0
30,0
30,0
30,0
30,0
30,2
31,4
31,6
31,7
31,6
31,5
32,2
32,1
32,0
32,0
33,0
33,0
33,0
33,0
33,0
33,0
34,0
34,0
35,0
34,0
32,0
32,0
32,0
32,0
32,4
32,15
31,28
31,44
31,15
31,8
30,5
30,2
30,0
30,0
30,0
30,0
30,0
30,0
30,0
30,0
30,0
30,0
30,0
30,0
30,0
31,0
31,0
31,0
31,4
31,12
31,18
31,35
31,23
31,12
31,8
31,3
31,0
31,0
32,0
32,0
33,0
34,0
35,0
36,0
36,0
37,0
37,0
37,0
37,0
37,0
37,0
37,0
38,3
38,4
38,24
38,20
38,17
38,10
38,6
38,3
39,0
39,0
39,0
40,0
40,0
40,0
40,0
40,0
40,0
40,0
40,0
41,0
41,0
41,0
41,0
41,0
41,2
41,5
41,4
41,8
41,12
41,8
41,3
42,2
42,0
43,0
44,0
44,0
44,0
44,0
44,0
44,0
44,0
44,0
44,0
44,0
44,0
44,0
44,0
44,0
44,5
44,14
44,23
44,24
44,25
44,20
44,13
44,5
44,0
44,0
44,0
44,0
44,0
44,0
44,0
44,0
44,0
44,0
44,0
44,0
44,0
44,0
44,0
44,0
44,6
43,18
43,28
42,49
42,49
41,25
41,15
41,2
41,0
41,0
41,0
41,0
41,0
41,0
41,0
41,0
40,0
40,0
40,0
39,0
39,0
39,0
39,0
39,1
39,6
39,11
38,12
38,12
38,15
38,15
38,10
38,3
38,0
38,0
38,0
37,0
37,0
38,0
38,0
38,0
38,0
38,0
39,0
39,0
40,0
40,0
40,0
41,0
42,3
42,6
42,19
42,46
42,40
42,25
43,4
43,3
43,0
43,0
43,0
44,0
44,0
45,0
45,0
46,0
46,0
46,0
46,0
46,0
46,0
46,0
46,0
47,0
47,5
47,19
47,26
47,49
47,49
47,26
48,15
48,2
48,0
48,0
48,0
48,0
48,0
48,0
48,0
48,0
49,0
49,0
49,0
49,0
49,0
49,0
49,0
49,0
48,5
48,18
49,27
49,49
49,49
50,26
50,16
50,2
50,0
50,0
50,0
50,0
50,0
50,0
50,0
49,0
50,0
50,0
50,0
50,0
50,0
50,0
50,0
50,0
50,5
50,18
50,27
50,45
50,42
50,25
50,14
50,3
50,0
50,0
49,0
49,0
49,0
49,0
49,0
49,0
49,0
49,0
49,0
49,0
49,0
49,0
49,0
48,0
48,2
48,4
48,7
48,11
48,11
48,9
48,6
47,2
47,0
47,0
47,0
47,0
47,0
47,0
46,0
45,0
45,0
44,0
44,0
44,0
44,0
44,0
44,0
44,0
43,5
43,16
43,18
43,18
42,9
41,4
41,2
41,1
40,0
40,0
39,0
39,0
39,0
38,0
38,0
38,0
38,0
38,0
38,0
37,0
36,0
36,0
36,0
36,0
35,0
33,0
33,2
33,3
33,6
32,6
31,7
31,2
31,0
31,0
31,0
31,0
31,0
31,0
31,0
31,0
31,0
31,0
32,0
32,0
32,0
32,0
32,0
32,0
32,8
32,18
32,20
32,35
32,29
31,25
31,18
31,2
31,0
31,0
32,0
32,0
32,0
32,0
31,0
31,0
31,0
31,0
31,0
31,0
32,0
35,0
35,0
35,0
36,0
36,1
37,4
37,5
37,8
37,9
37,5
37,2
37,0
37,0
37,0
37,0
37,0
37,0
37,0
38,0
38,0
38,0
38,0
38,0
39,0
39,0
39,0
40,0
39,3
39,12
39,19
39,16
39,16
39,12
40,12
40,6
40,1
40,0
40,0
40,0
40,0
40,0
40,0
40,0
40,0
40,0
40,0
40,0
40,0
40,0
40,0
40,0
40,5
40,17
40,29
40,48
40,50
40,28
40,11
40,2
41,0
41,0
41,0
41,0
41,0
40,0
40,0
40,0
40,0
40,0
40,0
40,0
40,0
40,0
39,0
39,0
39,4
39,12
39,22
39,33
39,24
38,18
38,16
39,5
39,1
39,0
39,0
39,0
39,0
39,0
38,0
38,0
38,0
38,0
38,0
37,0
37,0
37,0
37,0
37,0
37,9
37,19
37,24
37,20
37,26
37,30
37,22
37,6
37,0
37,0
37,0
37,0
37,0
37,0
37,0
37,0
37,0
37,0
37,0
37,0
37,0
36,0
36,0
36,0
36,5
35,13
35,28
34,41
34,46
34,26
34,16
34,5
34,0
34,0
34,0
34,0
34,0
34,0
34,0
34,0
34,0
34,0
34,0
33,0
33,0
33,0
32,0
32,0
32,3
32,13
31,14
31,14
31,30
31,17
31,15
31,9
31,1
32,0
32,0
32,0
32,0
31,0
31,0
31,0
31,0
31,0
31,0
31,0
30,0
30,0
30,0
30,0
30,5
30,15
30,32
29,22
29,29
29,19
29,13
29,9
29,1
30,0
30,0
30,0
30,0
29,0
29,0
28,0
28,0
28,0
28,0
28,0
27,0
27,0
27,0
27,0
27,2
26,5
26,9
26,18
26,31
25,22
25,12
26,6
26,2
26,0
26,0
26,0
27,0
27,0
27,0
27,0
27,0
27,0
27,0
27,0
27,0
27,0
27,0
27,0
27,6
27,22
27,36
27,51
27,52
27,31
27,21
28,4
28,0
28,0
29,0
29,0
29,0
29,0
29,0
29,0
29,0
29,0
29,0
29,0
29,0
29,0
29,0
30,0
30,0
30,2
31,3
31,6
31,8
31,7
32,8
32,6
32,0
32,0
32,0
32,0
32,0
33,0
33,0
33,0
33,0
34,0
34,0
34,0
34,0
34,0
34,0
34,0
34,5
34,22
34,39
34,52
34,52
34,32
34,18
34,4
34,0
34,0
34,0
35,0
35,0
35,0
35,0
35,0
35,0
35,0
35,0
34,0
34,0
34,0
34,0
34,0
34,6
34,12
34,7
34,13
34,14
34,14
34,9
34,2
34,0
34,0
34,0
34,0
35,0
35,0
36,0
36,0
36,0
36,0
36,0
36,0
36,0
36,0
36,0
36,0
36,6
36,14
36,16
37,34
37,31
37,15
37,7
37,6
37,1
37,0
38,0
38,0
38,0
38,0
38,0
38,0
38,0
38,0
38,0
38,0
38,0
38,0
38,0
38,0
38,5
38,21
38,39
38,40
38,29
38,19
38,11
38,9
38,2
38,0
38,0
38,0
38,0
38,0
38,0
39,0
39,0
39,0
39,0
39,0
39,0
40,0
40,0
40,1
40,5
40,10
39,31
39,26
39,20
39,21
38,17
38,8
38,1
38,0
38,0
38,0
39,0
39,0
39,0
39,0
39,0
39,0
39,0
39,0
39,0
39,0
39,0
39,0
39,6
39,13
39,22
39,47
39,46
38,20
38,7
38,6
38,2
38,0
38,0
39,0
39,0
39,0
39,0
39,0
39,0
39,0
39,0
39,0
39,0
39,0
39,0
39,0
39,2
39,6
39,11
39,16
39,27
39,9
39,3
39,1
39,0
39,0
39,0
40,0
40,0
40,0
41,0
41,0
42,0
42,0
42,0
42,0
43,0
43,0
43,0
43,0
43,6
43,25
44,29
45,41
45,45
46,23
46,20
46,9
46,1
45,0
46,0
46,0
47,0
47,0
48,0
48,0
48,0
48,0
48,0
48,0
48,0
49,0
49,0
49,0
49,7
50,26
50,48
50,57
50,55
50,38
50,21
50,5
50,1
50,0
50,0
50,0
50,0
50,0
50,0
50,0
50,0
50,0
50,0
50,0
50,0
50,0
50,0
50,0
50,7
50,20
50,44
50,56
49,54
49,40
49,18
48,9
48,2
48,0
47,0
47,0
47,0
47,0
47,0
47,0
47,0
47,0
47,0
47,0
47,0
47,0
47,0
47,0
47,7
47,28
47,48
47,57
47,58
47,38
46,21
46,6
46,1
46,0
46,0
46,0
46,0
46,0
46,0
46,0
46,0
45,0
45,0
45,0
45,0
45,0
45,0
45,0
45,4
45,10
45,21
45,26
45,46
44,39
44,19
44,11
44,2
44,0
44,0
44,0
44,0
44,0
44,0
44,0
44,0
44,0
44,0
44,0
44,0
44,0
44,0
44,1
44,9
43,15
43,32
43,20
43,22
43,28
43,13
43,7
43,3
43,0
43,0
43,0
43,0
43,0
43,0
43,0
43,0
43,0
43,0
43,0
43,0
43,0
43,0
43,0
43,8
43,28
43,50
43,65
43,61
43,41
42,23
42,6
42,3
42,0
42,0
42,0
42,0
42,0
42,0
42,0
42,0
42,0
42,0
42,0
42,0
42,0
42,0
42,0
42,4
42,13
42,37
42,49
42,17
42,25
42,9
42,6
42,2
42,0
42,0
42,0
42,0
43,0
43,0
43,0
43,0
43,0
43,0
43,0
43,0
43,0
43,0
43,0
43,7
43,32
43,51
43,57
43,56
43,42
43,22
43,9
43,3
43,0
43,0
43,0
43,0
43,0
43,0
43,0
43,0
44,0
44,0
44,0
44,0
44,0
44,0
44,0
44,6
44,13
45,40
45,61
45,60
45,44
45,23
45,8
45,1
45,0
45,0
45,0
45,0
45,0
46,0
46,0
46,0
46,0
46,0
46,0
46,0
46,0
46,0
47,0
47,1
47,4
47,5
47,8
47,9
47,11
47,8
47,6
47,1
47,0
47,0
47,0
47,0
47,0
47,0
48,0
48,0
48,0
48,0
48,0
48,0
48,0
48,0
49,1
49,8
49,32
49,53
49,47
49,63
49,47
49,25
49,12
49,8
49,0
49,0
49,0
49,0
49,0
49,0
49,0
49,0
49,0
49,0
49,0
49,0
49,0
49,0
50,1
50,8
51,16
51,18
51,17
51,15
51,14
51,11
51,6
51,1
51,0
51,0
52,0
53,0
53,0
53,0
53,0
54,0
54,0
55,0
55,0
56,0
57,0
57,0
57,0
57,8
57,35
57,53
57,60
57,63
57,50
57,24
57,8
57,2
57,0
57,0
57,0
57,0
57,0
57,0
57,0
57,0
58,0
58,0
58,0
58,0
58,0
58,0
58,1
58,9
58,28
58,36
58,42
58,44
58,26
58,14
58,7
58,3
58,0
58,0
58,0
58,0
58,0
58,0
59,0
60,0
60,0
60,0
60,0
60,0
60,0
60,0
60,1
60,7
60,11
60,14
60,17
60,19
60,32
59,21
59,7
59,1
59,0
59,0
60,0
60,0
61,0
62,0
62,0
62,0
63,0
63,0
63,0
63,0
63,0
64,0
64,1
64,5
64,12
64,37
64,69
64,69
64,50
64,32
64,13
64,4
64,0
64,0
65,0
65,0
65,0
65,0
65,0
65,0
65,0
65,0
65,0
66,0
66,0
66,0
66,1
66,9
66,37
66,55
66,65
66,67
66,51
66,24
66,9
66,2
66,0
66,0
66,0
66,0
66,0
66,0
66,0
66,0
66,0
66,0
66,0
66,0
66,0
66,0
66,1
66,6
66,4
67,2
68,6
69,8
70,6
71,5
71,2
72,0
72,0
73,0
73,0
73,0
73,0
73,0
73,0
72,0
72,0
72,0
72,0
72,0
72,0
72,0
72,1
73,5
75,39
75,57
75,60
75,70
75,56
75,26
75,20
75,4
75,0
75,0
75,0
75,0
75,0
75,0
75,0
75,0
75,0
75,0
75,0
75,0
75,0
75,0
75,1
75,7
75,22
75,19
75,36
75,62
75,57
75,24
75,12
75,5
75,0
75,0
75,0
75,0
75,0
76,0
76,0
76,0
78,0
79,0
79,0
79,0
79,0
81,0
81,0
81,4
81,21
81,35
82,32
82,39
82,26
82,14
82,7
82,4
82,0
82,0
82,0
82,0
83,0
83,0
83,0
83,0
83,0
83,0
83,0
83,0
83,0
83,0
83,1
83,4
83,10
83,16
83,35
83,38
83,46
83,28
83,20
83,7
83,0
83,0
83,0
83,0
83,0
83,0
82,0
82,0
82,0
82,0
82,0
82,0
82,0
82,0
82,2
82,11
82,43
82,57
83,63
83,71
83,53
83,15
83,9
83,3
83,0
83,0
83,0
84,0
84,0
84,0
84,0
84,0
84,0
84,0
84,0
84,0
84,0
84,0
84,2
84,12
84,29
84,30
84,44
84,69
84,59
84,28
84,12
83,4
83,0
83,0
83,0
83,0
83,0
83,0
83,0
83,0
84,0
85,0
86,0
86,0
86,0
86,0
86,0
86,3
87,6
88,7
89,6
89,10
89,11
90,15
91,7
91,2
91,0
91,0
91,0
91,0
91,0
91,0
91,0
91,0
92,0
92,0
92,0
92,0
92,0
92,0
92,2
92,11
92,42
92,63
92,64
92,45
92,48
92,33
92,14
92,4
92,0
92,0
92,0
92,0
92,0
92,0
92,0
92,0
92,0
92,0
92,0
92,0
92,0
92,0
92,2
92,12
92,46
92,43
92,34
92,39
92,31
92,23
92,11
92,3
92,0
93,0
94,0
95,0
95,0
95,0
95,0
95,0
96,0
96,0
97,0
97,0
97,0
97,0
97,0
98,2
100,2
101,3
102,5
103,6
104,6
104,4
104,2
104,0
105,0
106,0
106,0
107,0
107,0
107,0
107,0
108,0
108,0
108,0
108,0
108,0
108,0
109,0
109,5
109,12
109,23
109,25
109,51
109,46
109,35
109,30
109,12
109,4
109,0
109,0
109,0
109,0
109,0
109,0
109,0
109,0
109,0
109,0
109,0
109,0
109,0
109,0
109,3
109,14
109,51
109,63
109,76
109,74
109,69
109,41
109,14
109,4
109,0
109,0
109,0
109,0
109,0
109,0
109,0
109,0
109,0
109,0
109,0
109,0
109,0
109,0
109,3
109,14
109,49
110,66
110,74
110,75
110,70
110,39
110,12
110,3
110,0
110,0
110,0
110,0
110,0
109,0
109,0
109,0
110,0
110,0
110,0
110,0
110,0
110,0
110,3
110,14
110,51
110,67
110,76
110,77
110,69
110,32
110,18
110,9
110,1
110,0
110,0
109,0
109,0
109,0
109,0
109,0
109,0
109,0
109,0
109,0
109,0
109,0
109,4
109,14
109,52
109,69
109,77
109,78
109,72
109,43
109,14
109,6
109,1
108,0
109,0
109,0
109,0
109,0
109,0
109,0
109,0
109,0
109,0
109,0
109,0
109,0
109,1
109,13
109,52
109,68
109,77
109,79
109,73
109,44
109,16
109,4
109,0
109,0
109,0
109,0
109,0
109,0
109,0
109,0
109,0
109,0
109,0
109,0
109,0
109,0
109,3
109,17
110,48
110,57
110,45
110,56
110,21
110,12
110,8
110,3
110,0
110,0
110,0
110,0
110,0
110,0
110,0
110,0
110,0
110,0
110,0
110,0
110,0
110,0
110,2
110,7
110,13
110,19
110,19
110,29
110,32
110,29
110,20
110,6
110,0
110,0
110,0
110,0
110,0
110,0
110,0
110,0
110,0
110,0
110,0
110,0
110,0
110,0
110,2
110,8
110,14
110,26
110,35
110,32
110,21
110,15
110,7
111,4
111,0
111,0
110,0
111,0
111,0
111,0
111,0
111,0
111,0
112,0
112,0
112,0
112,0
112,0
112,11
112,17
112,17
112,31
112,36
112,24
112,18
112,24
112,24
112,8
112,0
112,0
113,0
113,0
113,0
113,0
113,0
113,0
113,0
113,0
113,0
112,0
112,0
113,0
114,0
114,1
114,2
114,5
115,4
117,4
117,2
118,2
119,1
119,1
119,0
119,0
119,0
119,0
119,0
119,0
119,0
119,0
119,0
119,0
119,0
119,0
119,0
119,0
119,2
120,6
120,41
120,72
120,86
120,85
120,77
120,50
120,20
120,6
120,1
120,0
120,0
120,0
120,0
120,0
120,0
120,0
121,0
122,0
122,0
123,0
123,0
124,0
124,1
124,24
124,38
124,75
124,65
124,73
124,56
124,17
124,7
124,2
124,0
124,0
124,0
124,0
124,0
124,0
124,0
125,0
125,0
125,0
125,0
125,0
125,0
125,0
125,7
125,24
125,59
125,75
125,84
125,85
124,79
124,54
124,19
124,5
125,1
125,0
125,0
125,0
125,0
125,0
125,0
125,0
125,0
125,0
125,0
125,0
125,0
126,0
125,5
125,24
125,60
126,76
125,84
125,86
125,79
124,57
125,19
125,5
125,1
125,0
125,0
125,0
125,0
125,0
125,0
125,0
126,0
126,0
125,0
125,0
125,0
125,0
125,4
125,22
125,42
125,60
125,63
124,42
125,9
124,11
124,15
124,7
124,1
124,0
124,0
124,0
124,0
124,0
124,0
124,0
124,0
125,0
125,0
125,0
125,0
125,0
125,3
125,6
125,5
125,5
125,4
127,5
127,3
126,2
126,1
126,0
126,0
126,0
126,0
125,0
125,0
125,0
125,0
125,0
125,0
125,0
125,0
125,0
125,0
124,0
124,1
124,10
123,14
123,26
122,26
122,19
121,53
120,26
119,24
119,17
117,5
117,0
117,0
117,0
116,0
115,0
115,0
116,0
117,0
116,0
116,0
116,0
116,0
117,0
116,13
116,25
116,35
115,66
115,87
115,89
115,79
115,65
115,19
116,9
117,1
117,0
117,0
117,0
117,0
117,0
117,0
117,0
117,0
117,0
117,0
117,0
117,0
117,0
118,7
118,30
118,65
117,69
117,74
117,79
117,50
117,35
117,17
117,11
118,5
118,0
118,0
119,0
119,0
119,0
119,0
119,0
119,0
119,0
119,0
119,0
119,0
119,0
118,8
118,22
118,30
117,37
117,50
117,14
118,14
118,12
118,13
118,7
118,1
118,0
118,0
119,0
119,0
119,0
119,0
119,0
119,0
120,0
120,0
120,0
121,0
121,0
121,7
121,16
121,17
121,63
121,75
121,82
121,74
120,44
120,22
121,7
121,1
121,0
121,0
121,0
121,0
121,0
121,0
121,0
121,0
121,0
121,0
121,0
121,0
121,1
121,10
121,34
121,63
121,80
121,86
119,80
119,77
119,65
118,21
116,7
115,2
115,0
115,0
114,0
114,0
113,0
113,0
114,0
114,0
114,0
114,0
115,0
115,0
115,1
115,15
115,35
113,66
113,77
113,83
113,76
113,62
113,33
113,17
114,5
114,2
114,0
114,0
114,0
114,0
114,0
114,0
115,0
116,0
116,0
117,0
117,0
116,0
116,1
115,7
115,32
114,55
114,69
114,58
115,66
115,60
115,34
113,25
113,13
113,3
114,0
115,0
115,0
115,0
115,0
116,0
116,0
116,0
116,0
116,0
116,0
116,0
116,1
117,12
116,36
115,66
115,81
114,89
114,90
114,82
112,67
111,18
110,8
110,1
109,0
109,0
109,0
109,0
109,0
109,0
109,0
109,0
108,0
109,0
108,0
108,0
108,1
108,11
108,35
108,62
107,78
106,85
106,86
105,78
103,51
103,17
102,12
100,3
99,0
99,0
98,0
98,0
98,0
98,0
98,0
98,0
96,0
96,0
96,0
96,0
96,0
95,2
94,6
94,5
93,7
93,6
92,5
92,7
91,4
91,2
90,1
89,0
88,0
87,0
86,0
85,0
84,0
82,0
78,0
77,0
76,0
76,0
76,0
75,0
73,0
73,1
73,2
72,6
72,8
71,11
71,11
70,11
70,9
69,10
69,5
68,2
68,0
68,0
68,0
68,0
68,0
68,0
68,0
68,0
69,0
69,0
70,0
70,0
70,1
69,18
67,26
67,55
67,58
68,75
68,87
67,83
66,73
66,23
65,9
64,1
63,0
63,0
63,0
63,0
64,0
64,0
64,0
64,0
64,0
64,0
65,0
65,0
65,1
65,12
63,42
64,68
63,82
63,90
62,91
61,84
60,63
58,22
58,8
58,2
58,0
58,0
57,0
57,0
57,0
57,0
57,0
57,0
58,0
58,0
58,0
58,0
58,1
57,7
57,12
57,18
56,25
56,32
55,28
55,28
53,14
53,5
52,2
52,0
52,0
51,0
51,0
50,0
50,0
50,0
50,0
50,0
50,0
50,0
50,0
50,0
50,0
49,4
50,11
50,29
50,52
50,44
50,33
50,38
49,36
49,30
49,11
49,2
49,0
50,0
50,0
52,0
52,0
52,0
52,0
52,0
52,0
52,0
53,0
53,0
53,2
51,12
49,46
50,70
52,83
52,90
52,83
51,55
50,45
49,14
49,6
48,3
47,0
47,0
47,0
47,0
47,0
48,0
